frame,track_id,class,center_x,center_y,width,height,relative_depth,depth_change,dx,dy,speed,direction
1,1,person,820.03,251.81,288.85,500.04,211.1507,0.0,0.0,0.0,0.0,stationary
1,2,car,1154.93,374.08,329.14,156.47,188.7043,0.0,0.0,0.0,0.0,stationary
1,3,person,578.91,251.98,302.77,499.19,240.1339,0.0,0.0,0.0,0.0,stationary
1,4,car,72.93,333.21,145.69,264.32,430.9586,0.0,0.0,0.0,0.0,stationary
1,5,skateboard,573.72,416.67,131.31,155.07,268.8185,0.0,0.0,0.0,0.0,stationary
2,1,person,820.03,251.37,287.89,498.76,246.9054,35.7547,-0.01,-0.44,0.44,stationary
2,2,car,1154.94,374.22,329.28,156.54,210.9335,22.2293,0.01,0.14,0.14,stationary
2,3,person,590.1,249.1,300.01,494.22,194.6759,-45.458,11.19,-2.88,11.56,right
2,4,car,72.95,333.15,145.72,264.37,375.3171,-55.6415,0.02,-0.06,0.06,stationary
2,5,skateboard,579.2,411.98,128.16,150.98,245.6777,-23.1407,5.48,-4.69,7.21,right
3,1,person,819.7,251.59,287.51,499.13,260.9118,14.0064,-0.32,0.22,0.39,stationary
3,2,car,1155.0,374.23,329.43,156.62,204.3472,-6.5863,0.06,0.01,0.06,stationary
3,3,person,593.46,246.14,297.03,488.96,204.4664,9.7905,3.36,-2.96,4.48,right
3,4,car,72.95,333.08,145.82,264.55,372.389,-2.9281,0.0,-0.07,0.07,stationary
3,5,skateboard,555.14,414.06,141.03,163.66,241.4239,-4.2539,-24.06,2.08,24.15,left
4,1,person,819.72,250.84,285.77,497.88,292.4422,31.5304,0.02,-0.75,0.75,stationary
4,2,car,1155.05,374.25,329.51,156.67,204.5968,0.2496,0.05,0.02,0.06,stationary
4,3,person,597.8,244.78,295.77,486.57,209.0585,4.5921,4.34,-1.36,4.55,right
4,4,car,72.93,332.93,145.87,264.76,366.8199,-5.569,-0.02,-0.15,0.15,stationary
4,5,skateboard,549.39,416.15,148.03,168.42,249.4409,8.0171,-5.75,2.09,6.12,left
5,1,person,819.65,250.59,284.37,497.51,301.9402,9.498,-0.08,-0.25,0.26,stationary
5,2,car,1155.11,374.25,329.74,156.81,209.8025,5.2056,0.06,-0.01,0.06,stationary
5,3,person,599.01,244.5,295.7,486.07,214.0743,5.0158,1.21,-0.28,1.24,right
5,4,car,72.94,332.78,145.88,265.2,379.116,12.2961,0.01,-0.15,0.15,stationary
5,5,skateboard,548.05,417.11,152.21,169.25,259.7697,10.3288,-1.35,0.96,1.65,left
6,1,person,815.55,250.92,283.83,498.51,297.5386,-4.4016,-4.1,0.32,4.11,left
6,2,car,1154.97,374.01,330.07,157.22,202.1237,-7.6787,-0.14,-0.24,0.28,stationary
6,3,person,599.02,244.57,296.17,486.63,198.5178,-15.5565,0.01,0.07,0.07,stationary
6,4,car,72.93,332.74,145.86,265.31,336.9412,-42.1748,-0.01,-0.03,0.03,stationary
6,5,skateboard,550.45,417.39,156.24,169.62,235.3899,-24.3798,2.41,0.28,2.42,right
7,1,person,818.84,250.59,281.02,497.84,296.0412,-1.4975,3.29,-0.33,3.31,right
7,2,car,1154.92,373.9,330.15,157.41,199.3105,-2.8132,-0.04,-0.11,0.12,stationary
7,3,person,600.57,243.82,295.68,485.52,218.3408,19.8231,1.55,-0.75,1.72,right
7,4,car,72.93,332.62,145.87,265.53,359.3122,22.371,0.0,-0.12,0.12,stationary
7,5,skateboard,558.77,419.18,154.71,164.55,245.98,10.5901,8.32,1.79,8.51,right
8,1,person,820.02,250.4,278.32,497.46,304.9594,8.9182,1.18,-0.19,1.2,right
8,2,car,1154.87,373.84,330.26,157.58,200.5456,1.235,-0.06,-0.05,0.08,stationary
8,3,person,601.81,244.1,296.13,486.15,221.0723,2.7315,1.24,0.27,1.27,right
8,4,car,72.96,332.46,145.91,265.69,364.3622,5.05,0.02,-0.15,0.16,stationary
8,5,skateboard,562.23,419.02,157.7,164.53,245.2541,-0.726,3.46,-0.16,3.46,right
8,8,skateboard,584.63,407.81,161.38,144.23,232.2032,0.0,0.0,0.0,0.0,stationary
9,1,person,817.18,250.25,275.39,497.93,250.8814,-54.0779,-2.84,-0.15,2.85,left
9,2,car,1154.8,373.8,330.4,157.81,184.0142,-16.5314,-0.07,-0.05,0.08,stationary
9,3,person,604.29,246.68,297.9,492.29,243.7457,22.6733,2.47,2.58,3.58,down
9,4,car,73.01,332.32,146.02,265.91,395.4507,31.0885,0.06,-0.15,0.16,stationary
9,5,skateboard,561.68,419.57,160.57,166.21,274.9056,29.6515,-0.55,0.55,0.77,stationary
9,8,skateboard,566.73,396.31,131.11,117.19,258.1312,25.9281,-17.9,-11.5,21.27,left
10,1,person,815.81,249.59,271.49,497.61,234.1448,-16.7366,-1.37,-0.67,1.52,left
10,2,car,1154.86,373.83,330.28,157.72,175.8113,-8.2029,0.06,0.03,0.07,stationary
10,3,person,607.62,246.72,295.29,491.2,240.8363,-2.9094,3.33,0.04,3.33,right
10,4,car,73.02,332.28,146.05,266.01,356.5831,-38.8676,0.01,-0.04,0.04,stationary
10,5,skateboard,562.16,418.75,158.45,162.88,264.8279,-10.0776,0.48,-0.82,0.95,stationary
10,8,skateboard,567.03,387.75,114.1,101.75,245.4535,-12.6778,0.3,-8.55,8.56,up
11,1,person,816.02,249.46,267.69,498.14,222.4455,-11.6993,0.21,-0.13,0.24,stationary
11,2,car,1154.82,373.74,330.36,157.86,171.3497,-4.4616,-0.04,-0.09,0.1,stationary
11,3,person,608.14,246.85,292.42,490.32,231.1727,-9.6635,0.52,0.13,0.53,stationary
11,4,car,72.95,332.28,145.91,265.7,354.5896,-1.9935,-0.07,0.01,0.07,stationary
11,5,skateboard,567.11,417.35,157.72,160.4,263.0148,-1.8132,4.95,-1.4,5.14,right
12,1,person,816.19,249.32,263.8,498.22,218.9179,-3.5276,0.17,-0.14,0.22,stationary
12,2,car,1154.93,373.75,330.15,157.69,168.2423,-3.1074,0.1,0.01,0.11,stationary
12,3,person,607.72,246.82,289.76,489.83,228.8569,-2.3158,-0.42,-0.04,0.42,stationary
12,4,car,73.03,332.07,146.06,266.16,335.7974,-18.7922,0.08,-0.22,0.23,stationary
12,5,skateboard,568.73,416.77,158.55,159.77,257.996,-5.0188,1.62,-0.58,1.72,right
13,1,person,812.51,249.01,259.75,497.15,248.7094,29.7915,-3.68,-0.31,3.7,left
13,2,car,1154.95,373.74,330.1,157.74,177.7533,9.511,0.03,-0.02,0.03,stationary
13,3,person,610.84,247.61,288.35,490.25,243.4235,14.5666,3.12,0.8,3.22,right
13,4,car,72.95,332.34,145.9,265.64,367.4724,31.675,-0.08,0.27,0.28,stationary
13,5,skateboard,572.68,416.71,158.54,158.53,263.9962,6.0002,3.95,-0.07,3.95,right
14,1,person,812.03,248.81,255.93,496.59,242.2499,-6.4596,-0.48,-0.2,0.52,stationary
14,2,car,1155.01,373.8,329.99,157.69,173.6011,-4.1522,0.05,0.06,0.08,stationary
14,3,person,612.19,247.92,286.9,490.38,242.9307,-0.4928,1.35,0.31,1.38,right
14,4,car,72.92,332.41,145.84,265.66,370.3402,2.8678,-0.03,0.08,0.08,stationary
14,5,skateboard,574.25,416.51,159.13,157.97,265.4552,1.459,1.56,-0.2,1.57,right
15,1,person,816.1,247.8,251.36,493.91,202.8597,-39.3901,4.07,-1.01,4.2,right
15,2,car,1155.13,373.88,329.69,157.49,178.7345,5.1335,0.12,0.08,0.15,stationary
15,3,person,609.52,244.99,282.03,484.14,243.1417,0.211,-2.67,-2.93,3.96,up
15,4,car,72.82,332.66,145.64,265.24,482.2798,111.9396,-0.1,0.25,0.27,stationary
15,5,skateboard,605.54,413.37,144.9,149.46,265.1919,-0.2634,31.29,-3.14,31.45,right
16,1,person,818.65,246.08,247.41,489.94,179.5916,-23.2682,2.55,-1.72,3.07,right
16,2,car,1155.14,373.9,329.37,157.37,174.7659,-3.9686,0.01,0.03,0.03,stationary
16,3,person,605.48,244.03,279.46,482.29,212.5033,-30.6384,-4.03,-0.95,4.15,left
16,4,car,72.78,332.89,145.46,264.75,473.344,-8.9359,-0.04,0.23,0.23,stationary
16,5,skateboard,617.59,412.36,136.59,146.32,233.1849,-32.007,12.06,-1.02,12.1,right
17,1,person,811.41,244.97,247.71,487.39,200.071,20.4794,-7.24,-1.11,7.33,left
17,2,car,1155.14,373.89,329.48,157.47,193.0836,18.3177,0.0,-0.01,0.01,stationary
17,3,person,605.09,243.55,278.43,481.7,224.0907,11.5873,-0.4,-0.48,0.62,stationary
17,4,car,72.75,332.96,145.38,264.61,464.6138,-8.7302,-0.03,0.07,0.08,stationary
17,5,skateboard,622.2,412.21,130.23,144.75,242.6886,9.5037,4.61,-0.15,4.61,right
18,1,person,808.25,244.49,248.46,484.88,219.4574,19.3864,-3.16,-0.48,3.19,left
18,2,car,1155.14,373.8,329.63,157.61,186.8065,-6.2771,-0.0,-0.1,0.1,stationary
18,3,person,606.45,241.55,276.53,478.28,243.6395,19.5488,1.37,-2.01,2.43,up
18,4,car,72.76,332.95,145.4,264.64,463.219,-1.3948,0.0,-0.01,0.01,stationary
18,5,skateboard,623.33,412.24,124.97,143.67,259.4049,16.7163,1.12,0.03,1.12,right
19,1,person,809.65,244.12,248.97,483.94,198.9409,-20.5165,1.4,-0.38,1.45,right
19,2,car,1155.08,373.78,329.83,157.83,187.934,1.1275,-0.05,-0.02,0.06,stationary
19,3,person,602.69,240.52,274.32,476.7,245.0498,1.4103,-3.76,-1.03,3.9,left
19,4,car,72.68,332.91,145.36,264.76,471.1715,7.9525,-0.08,-0.04,0.09,stationary
19,5,skateboard,623.32,412.07,120.71,143.14,250.7784,-8.6265,-0.0,-0.17,0.17,stationary
20,1,person,809.17,243.2,248.73,483.27,175.4916,-23.4492,-0.48,-0.92,1.03,stationary
20,2,car,1155.1,373.78,329.79,157.86,180.9279,-7.0061,0.02,-0.0,0.02,stationary
20,3,person,601.91,242.11,274.28,480.41,209.9919,-35.0579,-0.78,1.59,1.77,down
20,4,car,72.63,332.96,145.25,264.71,451.9613,-19.2103,-0.05,0.04,0.07,stationary
20,5,skateboard,622.37,411.72,116.6,142.02,218.7384,-32.0401,-0.95,-0.35,1.01,stationary
21,1,person,806.71,242.76,248.77,483.29,165.4741,-10.0175,-2.45,-0.44,2.49,left
21,2,car,1155.15,373.73,329.69,157.88,205.039,24.1111,0.05,-0.05,0.07,stationary
21,3,person,602.18,242.8,272.86,482.26,196.5257,-13.4662,0.27,0.7,0.75,stationary
21,4,car,72.63,332.9,145.25,264.71,467.0698,15.1085,-0.0,-0.05,0.05,stationary
21,5,skateboard,621.77,412.12,114.17,142.72,209.5471,-9.1912,-0.6,0.4,0.72,stationary
22,1,person,807.57,242.76,247.72,483.61,176.1014,10.6272,0.85,-0.0,0.85,stationary
22,2,car,1155.13,373.66,329.73,158.0,200.1424,-4.8966,-0.02,-0.07,0.08,stationary
22,3,person,604.65,242.77,269.77,482.52,223.9277,27.402,2.47,-0.04,2.48,right
22,4,car,72.6,332.85,145.19,264.7,445.6469,-21.4228,-0.03,-0.05,0.06,stationary
22,5,skateboard,617.22,412.39,114.04,144.74,240.4315,30.8843,-4.55,0.26,4.56,left
22,15,skateboard,539.27,385.69,83.44,94.66,196.9751,0.0,0.0,0.0,0.0,stationary
23,1,person,808.29,242.75,246.73,483.71,177.8536,1.7522,0.73,-0.01,0.73,stationary
23,2,car,1155.18,373.61,329.65,158.0,200.016,-0.1264,0.04,-0.05,0.07,stationary
23,3,person,605.57,242.8,266.91,482.71,220.4772,-3.4506,0.92,0.03,0.92,stationary
23,4,car,72.58,332.86,145.15,264.66,442.4303,-3.2167,-0.02,0.0,0.02,stationary
23,5,skateboard,615.79,412.47,112.84,145.37,239.3125,-1.119,-1.43,0.08,1.43,left
23,15,skateboard,538.56,385.45,83.11,94.47,193.3731,-3.602,-0.71,-0.24,0.75,stationary
24,1,person,808.1,242.9,245.81,483.51,150.7804,-27.0732,-0.19,0.15,0.25,stationary
24,2,car,1155.21,373.58,329.54,157.98,193.608,-6.408,0.03,-0.02,0.04,stationary
24,3,person,606.91,233.12,254.18,463.14,175.9185,-44.5587,1.34,-9.68,9.77,up
24,4,car,72.54,332.97,145.08,264.58,436.8341,-5.5962,-0.03,0.11,0.12,stationary
24,5,skateboard,614.03,411.94,111.21,144.9,193.5325,-45.78,-1.76,-0.53,1.84,left
24,15,skateboard,536.28,385.48,82.2,93.8,163.0186,-30.3544,-2.28,0.03,2.28,left
25,1,person,806.65,242.13,243.87,481.57,151.158,0.3776,-1.45,-0.77,1.64,left
25,2,car,1155.23,373.65,329.37,157.95,191.3582,-2.2499,0.02,0.06,0.07,stationary
25,3,person,608.72,237.28,255.43,470.93,178.6437,2.7253,1.81,4.16,4.54,down
25,4,car,72.65,332.86,145.3,264.95,435.154,-1.6801,0.11,-0.1,0.15,stationary
25,5,skateboard,613.68,412.13,110.0,144.66,194.6364,1.1039,-0.35,0.19,0.4,stationary
25,15,skateboard,535.07,385.64,81.5,93.55,159.7887,-3.2299,-1.22,0.16,1.23,left
26,1,person,799.49,241.58,239.97,479.41,181.9225,30.7645,-7.16,-0.55,7.18,left
26,2,car,1155.24,373.72,329.02,157.81,187.2113,-4.1469,0.01,0.08,0.08,stationary
26,3,person,606.94,240.8,255.27,478.03,213.7419,35.0981,-1.78,3.52,3.94,down
26,4,car,72.87,332.94,145.38,264.95,424.1275,-11.0265,0.22,0.08,0.23,stationary
26,5,skateboard,614.48,408.81,108.78,144.62,227.4718,32.8354,0.81,-3.32,3.42,up
26,15,skateboard,534.33,386.33,82.38,95.44,161.7553,1.9666,-0.74,0.69,1.01,stationary
27,1,person,796.29,241.3,237.16,478.72,163.9156,-18.0069,-3.2,-0.28,3.21,left
27,2,car,1155.27,373.78,328.69,157.66,182.3096,-4.9017,0.03,0.06,0.07,stationary
27,3,person,604.87,242.11,252.62,481.05,227.4701,13.7282,-2.07,1.31,2.45,left
27,4,car,72.97,332.96,145.41,264.91,435.9564,11.8289,0.1,0.02,0.1,stationary
27,5,skateboard,615.04,408.72,107.34,144.18,235.5737,8.1019,0.56,-0.09,0.56,stationary
27,15,skateboard,533.78,386.36,82.08,96.17,165.3646,3.6093,-0.54,0.03,0.55,stationary
28,1,person,792.67,241.65,234.63,477.95,168.2585,4.3429,-3.62,0.34,3.63,left
28,2,car,1155.25,373.82,328.49,157.57,189.8772,7.5676,-0.02,0.04,0.05,stationary
28,3,person,603.88,241.86,248.34,480.79,196.5082,-30.9619,-0.99,-0.25,1.02,stationary
28,4,car,73.04,332.99,145.47,264.92,453.4691,17.5127,0.07,0.03,0.08,stationary
28,5,skateboard,617.89,409.37,105.49,143.96,210.445,-25.1287,2.85,0.65,2.92,right
28,15,skateboard,533.98,386.39,80.69,95.74,166.2654,0.9007,0.2,0.02,0.2,stationary
29,1,person,791.35,241.73,232.48,477.55,169.8652,1.6067,-1.32,0.08,1.33,left
29,2,car,1155.26,373.83,328.39,157.53,188.7981,-1.0791,0.01,0.01,0.01,stationary
29,3,person,603.56,241.81,244.57,480.77,192.2968,-4.2114,-0.32,-0.05,0.32,stationary
29,4,car,73.07,332.99,145.5,264.89,449.6044,-3.8647,0.03,0.0,0.03,stationary
29,5,skateboard,618.89,409.66,103.95,143.92,208.7399,-1.7051,1.0,0.29,1.04,right
29,15,skateboard,534.21,386.4,79.46,95.56,166.6309,0.3656,0.23,0.02,0.23,stationary
30,1,person,788.87,241.9,231.91,479.55,162.7524,-7.1128,-2.49,0.18,2.49,left
30,2,car,1155.26,373.88,328.14,157.4,195.2098,6.4116,-0.0,0.05,0.05,stationary
30,3,person,603.06,239.59,239.06,476.86,199.0219,6.7252,-0.51,-2.23,2.28,up
30,4,car,73.15,332.82,145.71,265.19,459.3954,9.791,0.08,-0.17,0.19,stationary
30,5,skateboard,618.28,410.6,101.54,141.96,208.567,-0.1729,-0.61,0.95,1.13,stationary
30,15,skateboard,535.12,386.25,77.94,94.58,175.2191,8.5882,0.91,-0.15,0.92,stationary
31,1,person,783.4,242.05,229.92,479.85,150.4712,-12.2812,-5.47,0.15,5.47,left
31,2,car,1155.24,373.92,328.14,157.39,194.6485,-0.5612,-0.02,0.04,0.05,stationary
31,3,person,603.26,238.35,234.45,474.5,196.5025,-2.5194,0.2,-1.24,1.26,up
31,4,car,73.06,332.84,145.67,265.08,440.3469,-19.0486,-0.08,0.01,0.09,stationary
31,5,skateboard,616.48,408.42,97.14,135.89,211.2649,2.6979,-1.79,-2.18,2.82,up
31,15,skateboard,534.93,385.08,73.78,90.38,174.117,-1.1021,-0.19,-1.18,1.19,up
32,1,person,777.36,241.88,226.21,478.1,153.8787,3.4075,-6.03,-0.17,6.04,left
32,2,car,1155.3,373.98,327.97,157.3,209.9125,15.264,0.06,0.06,0.08,stationary
32,3,person,606.28,238.51,230.04,474.45,205.5529,9.0503,3.03,0.16,3.03,right
32,4,car,72.99,332.66,145.75,265.24,462.8119,22.465,-0.07,-0.18,0.19,stationary
32,5,skateboard,613.14,407.79,94.87,132.4,210.7322,-0.5327,-3.35,-0.63,3.41,left
32,15,skateboard,534.4,384.47,71.57,88.36,167.048,-7.069,-0.53,-0.61,0.81,stationary
33,1,person,773.37,241.51,222.91,478.02,142.1945,-11.6841,-4.0,-0.36,4.01,left
33,2,car,1155.3,373.93,328.32,157.48,193.1571,-16.7554,-0.01,-0.05,0.05,stationary
33,3,person,608.15,238.76,225.56,474.05,191.9359,-13.617,1.87,0.25,1.88,right
33,4,car,72.84,332.7,145.61,265.01,447.7821,-15.0298,-0.15,0.05,0.16,stationary
33,5,skateboard,611.75,407.64,94.32,131.36,198.3514,-12.3808,-1.39,-0.15,1.4,left
33,15,skateboard,533.8,384.37,70.66,87.86,165.6378,-1.4102,-0.6,-0.09,0.61,stationary
34,1,person,771.98,240.54,219.57,477.23,140.9378,-1.2568,-1.38,-0.97,1.69,left
34,2,car,1155.27,373.88,328.26,157.45,194.4581,1.3009,-0.03,-0.04,0.05,stationary
34,3,person,609.26,237.9,220.13,471.22,179.3516,-12.5843,1.11,-0.87,1.41,right
34,4,car,72.75,332.76,145.48,264.82,464.5094,16.7273,-0.1,0.06,0.11,stationary
34,5,skateboard,618.48,407.38,91.67,129.23,184.5311,-13.8203,6.73,-0.26,6.74,right
34,15,skateboard,543.43,385.57,74.84,91.17,157.1447,-8.4932,9.63,1.2,9.71,right
35,1,person,771.59,240.39,216.91,477.32,140.6547,-0.2831,-0.4,-0.15,0.43,stationary
35,2,car,1155.26,373.89,328.33,157.49,193.3745,-1.0836,-0.01,0.0,0.01,stationary
35,3,person,609.63,237.51,215.9,470.0,180.569,1.2174,0.38,-0.38,0.54,stationary
35,4,car,72.73,332.76,145.46,264.81,464.9387,0.4292,-0.02,-0.01,0.02,stationary
35,5,skateboard,621.1,407.33,89.91,128.18,184.6508,0.1197,2.62,-0.05,2.62,right
36,1,person,770.9,233.72,209.81,465.2,160.6659,20.0112,-0.68,-6.67,6.71,up
36,2,car,1155.23,373.86,328.4,157.53,191.4777,-1.8968,-0.03,-0.03,0.04,stationary
36,3,person,611.07,238.18,213.32,472.2,184.2299,3.661,1.44,0.67,1.58,right
36,4,car,72.83,332.86,145.36,264.57,429.6291,-35.3096,0.1,0.1,0.14,stationary
36,5,skateboard,615.05,406.27,91.15,127.95,185.5306,0.8797,-6.05,-1.06,6.14,left
37,1,person,770.61,236.17,210.12,470.98,193.2719,32.606,-0.29,2.45,2.47,down
37,2,car,1155.23,373.93,328.35,157.5,198.2448,6.7671,0.0,0.07,0.07,stationary
37,3,person,612.5,238.23,210.89,474.88,202.8237,18.5937,1.43,0.06,1.43,right
37,4,car,72.75,332.86,145.37,264.61,406.7709,-22.8582,-0.08,-0.0,0.08,stationary
38,1,person,770.51,237.89,208.58,474.73,191.7559,-1.5159,-0.1,1.72,1.72,down
38,2,car,1155.25,373.83,328.36,157.51,196.4354,-1.8094,0.02,-0.1,0.1,stationary
38,3,person,616.07,237.3,206.59,473.16,200.7523,-2.0713,3.58,-0.94,3.7,right
38,4,car,72.85,332.77,145.51,264.85,410.4234,3.6524,0.11,-0.09,0.14,stationary
39,1,person,771.77,238.31,205.29,476.35,174.536,-17.22,1.26,0.42,1.33,right
39,2,car,1155.26,373.76,328.73,157.72,194.6911,-1.7443,0.01,-0.07,0.07,stationary
39,3,person,618.63,236.79,203.28,472.52,203.1375,2.3851,2.55,-0.51,2.6,right
39,4,car,72.79,332.73,145.5,264.85,445.6154,35.192,-0.06,-0.03,0.07,stationary
40,1,person,772.31,238.76,202.03,477.32,167.1296,-7.4064,0.53,0.45,0.7,stationary
40,2,car,1155.25,373.74,328.54,157.63,184.7311,-9.96,-0.01,-0.03,0.03,stationary
40,3,person,621.95,236.87,200.92,473.46,190.8891,-12.2483,3.33,0.08,3.33,right
40,4,car,72.89,332.74,145.53,264.88,443.0087,-2.6068,0.1,0.0,0.1,stationary
41,1,person,772.54,238.95,198.91,477.85,170.5854,3.4558,0.24,0.19,0.3,stationary
41,2,car,1155.29,373.8,328.29,157.51,192.4897,7.7587,0.04,0.06,0.07,stationary
41,3,person,623.3,236.84,198.52,473.68,192.2741,1.3849,1.35,-0.03,1.35,right
41,4,car,72.91,332.64,145.73,265.26,449.9213,6.9126,0.02,-0.1,0.1,stationary
42,1,person,773.89,238.16,194.56,476.0,161.6693,-8.916,1.34,-0.79,1.56,right
42,2,car,1155.3,373.86,328.08,157.39,184.4657,-8.024,0.01,0.06,0.06,stationary
42,3,person,626.8,236.49,196.3,472.98,169.9776,-22.2965,3.5,-0.35,3.52,right
42,4,car,72.96,332.65,145.74,265.27,434.9688,-14.9525,0.04,0.01,0.05,stationary
43,1,person,775.97,237.63,190.2,474.23,151.8336,-9.8357,2.09,-0.53,2.15,right
43,2,car,1155.31,373.9,328.09,157.39,181.4377,-3.028,0.01,0.04,0.04,stationary
43,3,person,630.85,235.65,194.38,471.3,161.1571,-8.8205,4.05,-0.84,4.13,right
43,4,car,72.98,332.63,145.78,265.35,456.9504,21.9816,0.02,-0.02,0.03,stationary
43,22,skateboard,621.63,451.7,102.57,42.07,250.2116,0.0,0.0,0.0,0.0,stationary
44,1,person,779.97,238.55,185.3,472.96,134.4765,-17.3571,4.0,0.92,4.1,right
44,2,car,1155.32,373.85,328.34,157.53,180.3951,-1.0426,0.02,-0.04,0.05,stationary
44,3,person,634.95,236.05,190.93,466.68,155.9662,-5.191,4.1,0.4,4.12,right
44,4,car,73.04,332.53,145.83,265.41,466.8779,9.9275,0.06,-0.1,0.12,stationary
44,22,skateboard,621.27,451.86,101.89,41.77,226.5407,-23.6709,-0.37,0.16,0.4,stationary
45,1,person,781.29,239.68,180.0,469.31,130.4252,-4.0512,1.32,1.13,1.74,right
45,2,car,1155.3,373.87,328.35,157.54,185.9301,5.5349,-0.03,0.02,0.03,stationary
45,3,person,637.47,236.33,187.89,462.89,152.9551,-3.0111,2.51,0.29,2.53,right
45,4,car,73.1,332.61,145.88,265.47,496.1053,29.2274,0.06,0.09,0.11,stationary
45,22,skateboard,621.05,450.32,110.33,45.32,214.2495,-12.2913,-0.21,-1.54,1.55,up
46,1,person,780.74,242.16,175.52,466.22,123.1601,-7.2652,-0.55,2.48,2.54,down
46,2,car,1155.31,373.86,328.42,157.59,184.0482,-1.8819,0.01,-0.01,0.02,stationary
46,3,person,638.68,235.13,182.66,452.23,159.2891,6.334,1.21,-1.2,1.71,right
46,4,car,73.04,332.5,145.92,265.56,483.5782,-12.527,-0.07,-0.12,0.13,stationary
46,22,skateboard,621.6,448.42,112.23,46.23,210.202,-4.0475,0.55,-1.91,1.98,up
47,1,person,780.53,243.11,172.09,465.07,126.8815,3.7214,-0.2,0.95,0.97,stationary
47,2,car,1155.3,373.87,328.39,157.58,188.2968,4.2486,-0.0,0.01,0.01,stationary
47,3,person,639.12,234.82,180.41,448.77,159.2522,-0.0369,0.44,-0.3,0.54,stationary
47,4,car,73.04,332.65,145.8,265.3,484.8429,1.2647,0.0,0.15,0.15,stationary
47,22,skateboard,621.77,447.82,112.52,46.49,209.0078,-1.1942,0.16,-0.6,0.62,stationary
48,1,person,780.46,243.63,168.42,462.63,117.6037,-9.2778,-0.07,0.52,0.53,stationary
48,2,car,1155.3,373.93,327.96,157.34,191.0338,2.737,-0.0,0.06,0.06,stationary
48,3,person,639.73,236.92,179.47,448.96,153.9563,-5.2959,0.62,2.09,2.18,down
48,4,car,72.88,332.79,145.63,265.03,454.9458,-29.8971,-0.16,0.14,0.21,stationary
48,22,skateboard,622.02,447.67,111.32,46.15,194.9577,-14.0501,0.26,-0.15,0.3,stationary
48,24,skateboard,614.18,390.31,50.87,92.54,156.1643,0.0,0.0,0.0,0.0,stationary
49,1,person,781.06,244.42,165.28,461.72,113.8192,-3.7844,0.6,0.78,0.98,stationary
49,2,car,1155.29,373.91,327.96,157.32,186.3723,-4.6615,-0.01,-0.02,0.02,stationary
49,3,person,640.43,238.35,178.0,447.82,146.3781,-7.5782,0.7,1.44,1.6,down
49,4,car,72.79,332.8,145.54,264.89,470.4927,15.547,-0.09,0.01,0.09,stationary
49,22,skateboard,623.02,446.51,113.21,47.28,200.869,5.9114,0.99,-1.16,1.53,up
49,24,skateboard,616.24,391.37,49.36,89.86,148.073,-8.0914,2.06,1.07,2.32,right
50,1,person,782.74,244.81,160.67,457.09,111.1918,-2.6275,1.69,0.39,1.73,right
50,2,car,1155.28,373.94,327.92,157.28,188.1479,1.7756,-0.01,0.03,0.03,stationary
50,3,person,640.44,240.19,175.4,442.69,131.4082,-14.9698,0.01,1.83,1.83,down
50,4,car,72.73,332.81,145.46,264.82,455.5518,-14.9409,-0.06,0.01,0.06,stationary
50,24,skateboard,615.58,393.39,49.45,89.85,147.22,-0.853,-0.65,2.02,2.12,down
51,1,person,784.39,246.07,155.8,451.55,99.8991,-11.2927,1.65,1.26,2.08,right
51,2,car,1155.27,373.95,327.89,157.24,192.3878,4.2399,-0.01,0.01,0.01,stationary
51,3,person,640.29,239.07,171.63,432.56,127.4439,-3.9643,-0.15,-1.12,1.13,up
51,4,car,72.72,332.9,145.33,264.56,463.5403,7.9886,-0.01,0.09,0.09,stationary
51,24,skateboard,610.82,394.04,53.96,97.28,142.7051,-4.5148,-4.76,0.64,4.8,left
52,1,person,784.23,246.77,151.94,447.07,102.6129,2.7138,-0.17,0.69,0.71,stationary
52,2,car,1155.28,373.95,327.9,157.23,201.4536,9.0659,0.0,0.0,0.0,stationary
52,3,person,640.09,241.2,170.9,430.18,133.1408,5.697,-0.2,2.14,2.14,down
52,4,car,72.73,332.94,145.27,264.43,482.9475,19.4072,0.01,0.04,0.04,stationary
52,24,skateboard,611.14,395.88,57.72,104.27,150.1238,7.4187,0.31,1.84,1.87,down
53,1,person,784.17,247.03,149.33,445.54,101.886,-0.727,-0.05,0.26,0.27,stationary
53,2,car,1155.26,374.02,327.53,157.0,202.7506,1.2969,-0.01,0.08,0.08,stationary
53,3,person,639.96,241.91,170.7,429.22,131.359,-1.7818,-0.13,0.71,0.72,stationary
53,4,car,72.71,332.93,145.29,264.47,464.3755,-18.572,-0.01,-0.01,0.02,stationary
53,24,skateboard,611.15,396.23,58.83,106.48,148.3802,-1.7437,0.02,0.36,0.36,stationary
53,27,skateboard,653.7,455.11,42.24,20.11,242.9902,0.0,0.0,0.0,0.0,stationary
54,1,person,785.62,249.43,145.82,441.57,123.6018,21.7158,1.45,2.4,2.81,down
54,2,car,1155.26,374.0,327.64,157.02,199.5081,-3.2425,0.0,-0.02,0.02,stationary
54,3,person,640.77,245.94,170.79,428.48,152.6986,21.3395,0.81,4.03,4.11,down
54,4,car,72.66,333.0,145.26,264.46,463.437,-0.9385,-0.06,0.06,0.09,stationary
54,24,skateboard,611.62,399.88,65.58,120.27,167.0756,18.6954,0.47,3.65,3.68,down
55,1,person,786.15,250.3,143.38,440.14,124.0162,0.4145,0.53,0.87,1.01,stationary
55,2,car,1155.27,373.99,327.72,157.03,199.4709,-0.0371,0.0,-0.01,0.01,stationary
55,3,person,640.99,247.4,171.08,428.28,152.182,-0.5166,0.22,1.46,1.48,down
55,4,car,72.63,333.01,145.25,264.46,462.2575,-1.1794,-0.03,0.02,0.03,stationary
55,24,skateboard,611.78,401.15,67.49,125.48,168.0327,0.957,0.16,1.26,1.27,down
56,1,person,785.44,250.27,139.97,434.23,113.9658,-10.0504,-0.71,-0.03,0.71,stationary
56,2,car,1155.29,374.0,327.75,157.02,203.2388,3.7679,0.02,0.01,0.02,stationary
56,3,person,641.23,249.2,169.95,424.33,148.8317,-3.3503,0.24,1.8,1.82,down
56,4,car,72.64,333.05,145.22,264.43,478.0156,15.7581,0.01,0.03,0.03,stationary
56,24,skateboard,609.76,397.17,61.39,114.07,157.5712,-10.4615,-2.02,-3.97,4.45,up
56,27,skateboard,640.81,453.85,49.21,23.07,257.8234,14.8332,-12.9,-1.27,12.96,left
57,1,person,783.61,251.9,137.92,430.83,112.9024,-1.0634,-1.83,1.64,2.46,left
57,2,car,1155.29,374.0,327.72,156.98,202.467,-0.7718,0.0,0.0,0.0,stationary
57,3,person,641.96,246.7,166.28,413.69,143.9269,-4.9048,0.73,-2.5,2.61,up
57,4,car,72.64,333.07,145.19,264.39,452.3255,-25.6902,0.0,0.03,0.03,stationary
57,27,skateboard,641.36,451.61,59.3,27.78,260.6675,2.8442,0.55,-2.24,2.3,up
58,1,person,783.23,254.16,135.81,427.08,119.5697,6.6673,-0.38,2.26,2.29,down
58,2,car,1155.28,373.94,327.96,157.08,200.5461,-1.921,-0.01,-0.06,0.06,stationary
58,3,person,644.33,245.19,161.18,399.71,138.9583,-4.9686,2.37,-1.51,2.81,right
58,4,car,72.65,333.12,145.14,264.29,433.0362,-19.2893,0.01,0.05,0.05,stationary
58,27,skateboard,643.16,451.81,58.79,27.45,252.6253,-8.0423,1.8,0.2,1.81,right
58,24,skateboard,609.93,388.9,53.81,97.43,138.509,-19.0621,0.17,-8.28,8.28,up
59,1,person,782.99,255.0,134.57,425.69,121.5896,2.0199,-0.24,0.83,0.87,stationary
59,2,car,1155.29,373.93,328.06,157.12,202.5347,1.9886,0.01,-0.01,0.01,stationary
59,3,person,645.12,244.64,159.68,394.79,138.9873,0.0291,0.79,-0.55,0.96,stationary
59,4,car,72.64,333.16,145.07,264.15,441.5986,8.5624,-0.01,0.04,0.04,stationary
59,27,skateboard,644.18,451.93,58.34,27.14,247.7908,-4.8344,1.02,0.12,1.03,right
59,24,skateboard,609.49,387.49,52.99,93.85,136.4987,-2.0104,-0.44,-1.41,1.48,up
60,1,person,783.04,257.81,132.95,422.88,111.5173,-10.0722,0.05,2.82,2.82,down
60,2,car,1155.28,373.92,328.31,157.25,200.1237,-2.411,-0.01,-0.01,0.02,stationary
60,3,person,646.09,252.59,163.1,404.09,132.595,-6.3923,0.98,7.96,8.02,down
60,4,car,72.63,333.24,145.02,264.04,461.9734,20.3748,-0.01,0.08,0.08,stationary
60,27,skateboard,646.43,453.23,53.74,24.93,253.3641,5.5732,2.25,1.3,2.6,right
60,24,skateboard,609.08,388.82,54.75,95.82,131.6823,-4.8164,-0.42,1.34,1.4,down
60,5,skateboard,625.96,396.55,84.23,113.57,132.5056,-53.0249,10.9,-9.72,14.61,right
61,1,person,783.2,260.07,131.29,420.25,98.7874,-12.7299,0.17,2.26,2.26,down
61,2,car,1155.27,373.93,328.46,157.33,199.5985,-0.5252,-0.01,0.01,0.01,stationary
61,3,person,646.95,256.64,162.9,404.1,126.0844,-6.5107,0.86,4.04,4.14,down
61,4,car,72.66,333.28,145.03,264.04,465.8631,3.8897,0.03,0.03,0.05,stationary
61,27,skateboard,648.9,452.8,55.15,25.8,240.358,-13.006,2.47,-0.43,2.51,right
61,24,skateboard,607.3,389.1,55.34,96.25,127.5326,-4.1497,-1.78,0.28,1.8,left
61,5,skateboard,621.95,395.37,82.01,111.22,127.8954,-4.6103,-4.01,-1.18,4.18,left
62,1,person,783.31,260.88,130.26,419.45,98.4191,-0.3683,0.1,0.81,0.82,stationary
62,2,car,1155.26,373.93,328.52,157.37,199.8127,0.2142,-0.01,0.0,0.01,stationary
62,3,person,647.26,258.07,162.74,404.15,126.4783,0.394,0.31,1.43,1.46,down
62,4,car,72.67,333.28,145.04,264.03,467.9782,2.1151,0.01,0.01,0.01,stationary
62,27,skateboard,649.79,452.64,55.42,26.16,240.6204,0.2623,0.88,-0.16,0.9,stationary
62,24,skateboard,606.75,389.16,55.82,96.49,128.303,0.7704,-0.55,0.06,0.55,stationary
62,5,skateboard,620.21,394.57,80.41,109.66,128.63,0.7346,-1.74,-0.8,1.92,left
63,1,person,782.55,264.0,125.86,407.59,87.452,-10.9671,-0.76,3.12,3.21,down
63,2,car,1155.25,373.96,328.28,157.25,195.9879,-3.8249,-0.01,0.03,0.04,stationary
63,3,person,651.36,257.99,156.71,389.57,125.2038,-1.2745,4.1,-0.08,4.1,right
63,4,car,72.71,333.35,145.01,263.92,478.7785,10.8003,0.04,0.06,0.08,stationary
63,27,skateboard,651.5,449.66,66.05,32.18,280.3531,39.7327,1.72,-2.98,3.44,up
63,24,skateboard,608.71,388.04,56.12,96.17,138.3358,10.0328,1.96,-1.12,2.26,right
63,5,skateboard,624.5,396.97,88.35,119.64,139.4358,10.8059,4.29,2.41,4.92,right
64,1,person,782.29,265.88,123.15,400.89,89.6623,2.2102,-0.26,1.88,1.9,down
64,2,car,1155.24,373.98,328.12,157.15,196.0057,0.0179,-0.01,0.02,0.02,stationary
64,3,person,653.08,259.65,154.96,385.74,128.2686,3.0647,1.72,1.67,2.4,right
64,4,car,72.72,333.38,145.0,263.84,481.2872,2.5087,0.01,0.03,0.04,stationary
64,24,bicycle,608.48,387.36,56.59,96.2,138.2971,-0.0387,-0.23,-0.68,0.72,stationary
64,5,skateboard,634.8,399.79,89.72,126.16,137.218,-2.2178,10.3,2.82,10.68,right
65,1,person,782.29,266.52,121.9,398.7,90.7306,1.0683,0.01,0.63,0.63,stationary
65,2,car,1155.25,374.02,328.01,157.07,198.0866,2.0809,0.0,0.03,0.03,stationary
65,3,person,653.7,260.28,154.33,384.59,128.3656,0.0971,0.62,0.62,0.88,stationary
65,4,car,72.69,333.43,144.95,263.71,475.192,-6.0953,-0.03,0.05,0.06,stationary
65,24,bicycle,608.41,387.12,56.96,96.08,139.9355,1.6384,-0.07,-0.24,0.25,stationary
65,5,skateboard,631.34,401.14,91.71,128.31,139.0166,1.7986,-3.45,1.35,3.71,left
66,1,person,780.39,266.99,120.25,393.76,88.4966,-2.234,-1.91,0.47,1.96,left
66,2,car,1155.23,374.02,327.87,156.98,203.4984,5.4117,-0.01,-0.0,0.01,stationary
66,3,person,656.37,259.18,151.07,378.26,123.0377,-5.3279,2.67,-1.09,2.88,right
66,4,car,72.67,333.41,144.94,263.65,473.9222,-1.2697,-0.02,-0.02,0.03,stationary
66,24,bicycle,609.74,387.56,57.78,96.2,148.3942,8.4587,1.33,0.43,1.4,right
66,5,skateboard,629.69,401.71,92.25,127.61,146.5537,7.5371,-1.66,0.57,1.75,left
66,36,car,571.55,408.54,97.81,59.53,162.0537,0.0,0.0,0.0,0.0,stationary
67,1,person,779.61,267.01,119.59,391.87,88.2953,-0.2013,-0.78,0.02,0.78,stationary
67,2,car,1155.23,374.02,327.91,156.97,205.3212,1.8228,-0.0,0.0,0.0,stationary
67,3,person,657.37,258.65,149.53,376.07,119.6269,-3.4108,1.0,-0.54,1.14,right
67,4,car,72.68,333.36,145.01,263.75,459.4126,-14.5096,0.0,-0.05,0.05,stationary
67,24,bicycle,610.07,387.67,58.53,96.39,146.1375,-2.2567,0.33,0.11,0.35,stationary
67,5,skateboard,629.09,401.84,92.9,127.29,144.7094,-1.8443,-0.6,0.13,0.61,stationary
67,36,car,571.43,408.53,97.85,59.56,159.789,-2.2647,-0.12,-0.01,0.12,stationary
67,38,skateboard,654.99,437.68,41.96,55.46,227.0262,0.0,0.0,0.0,0.0,stationary
68,1,person,778.4,266.26,116.94,382.12,90.7783,2.483,-1.21,-0.75,1.42,left
68,2,car,1155.23,374.01,328.21,157.11,194.3373,-10.9839,-0.01,-0.01,0.01,stationary
68,3,person,658.61,263.18,150.31,381.56,109.7711,-9.8559,1.23,4.54,4.7,down
68,4,car,72.64,333.34,145.03,263.76,432.3041,-27.1085,-0.03,-0.02,0.04,stationary
68,5,skateboard,627.82,398.04,89.46,120.63,137.0782,-7.6312,-1.27,-3.79,4.0,up
68,36,car,571.56,408.39,97.87,59.59,150.0445,-9.7446,0.13,-0.14,0.19,stationary
68,38,skateboard,652.69,430.62,49.32,65.32,162.0486,-64.9776,-2.3,-7.06,7.42,up
69,1,person,778.02,266.03,115.18,375.7,92.4437,1.6654,-0.38,-0.23,0.45,stationary
69,2,car,1155.21,374.07,328.0,156.98,196.5927,2.2554,-0.01,0.06,0.07,stationary
69,3,person,659.58,264.26,148.91,381.12,104.2374,-5.5337,0.98,1.07,1.45,down
69,4,car,72.58,333.38,144.98,263.69,432.9179,0.6138,-0.06,0.04,0.07,stationary
69,5,skateboard,629.44,399.24,90.22,120.1,137.1835,0.1053,1.63,1.19,2.02,right
69,36,car,571.02,408.31,99.06,60.35,150.9957,0.9512,-0.54,-0.08,0.54,stationary
69,38,skateboard,652.76,427.46,50.63,67.0,152.8334,-9.2152,0.07,-3.16,3.16,up
70,1,person,777.99,269.59,115.72,378.12,96.412,3.9684,-0.03,3.56,3.56,down
70,2,car,1155.21,374.1,327.98,156.95,194.9853,-1.6074,-0.0,0.02,0.02,stationary
70,3,person,660.59,264.6,147.19,379.51,107.724,3.4867,1.01,0.34,1.06,right
70,4,car,72.58,333.36,145.04,263.8,443.0488,10.1309,-0.0,-0.02,0.02,stationary
70,5,skateboard,631.47,398.79,92.24,120.57,142.5315,5.348,2.03,-0.45,2.08,right
70,36,car,570.82,408.27,99.26,60.53,153.464,2.4683,-0.2,-0.04,0.2,stationary
70,38,skateboard,655.63,427.1,49.77,65.53,156.5049,3.6716,2.87,-0.37,2.9,right
71,1,person,778.07,270.57,115.69,378.63,93.0384,-3.3736,0.09,0.99,0.99,stationary
71,2,car,1155.21,374.07,328.03,156.95,191.2324,-3.7529,0.0,-0.03,0.03,stationary
71,3,person,660.79,264.63,145.97,378.97,106.5275,-1.1965,0.2,0.03,0.2,stationary
71,4,car,72.61,333.26,145.15,264.03,450.4124,7.3635,0.03,-0.1,0.11,stationary
71,5,skateboard,632.22,398.71,93.77,120.7,141.3548,-1.1768,0.75,-0.08,0.75,stationary
71,36,car,570.65,408.27,99.17,60.54,151.1337,-2.3303,-0.17,-0.0,0.17,stationary
71,38,skateboard,656.66,427.21,49.38,64.64,154.3278,-2.1771,1.03,0.12,1.04,right
72,1,person,778.59,273.58,115.97,381.02,87.5214,-5.517,0.52,3.01,3.05,down
72,2,car,1155.21,374.04,328.23,157.04,190.0491,-1.1833,-0.0,-0.03,0.03,stationary
72,3,person,661.58,264.5,144.43,377.22,103.6598,-2.8677,0.79,-0.13,0.8,stationary
72,4,car,72.61,333.33,145.05,263.85,475.8579,25.4456,0.0,0.08,0.08,stationary
72,5,skateboard,633.99,398.47,95.48,120.44,136.6354,-4.7194,1.77,-0.24,1.79,right
72,36,car,571.11,408.39,98.15,59.94,150.0616,-1.0721,0.46,0.12,0.47,stationary
72,38,skateboard,659.91,430.12,45.92,58.93,151.1648,-3.1631,3.25,2.91,4.36,right
73,1,person,778.79,274.7,115.27,380.6,89.9461,2.4247,0.2,1.12,1.13,down
73,2,car,1155.2,374.04,328.32,157.08,192.4303,2.3812,-0.0,-0.01,0.01,stationary
73,3,person,663.15,265.31,142.97,376.06,110.6675,7.0077,1.57,0.81,1.77,right
73,4,car,72.6,333.34,145.07,263.88,478.264,2.4061,-0.01,0.0,0.01,stationary
73,5,skateboard,636.4,398.49,97.24,119.83,136.2694,-0.366,2.41,0.01,2.41,right
73,36,car,570.95,408.44,97.56,59.62,147.1581,-2.9035,-0.16,0.06,0.17,stationary
73,38,skateboard,663.1,434.29,41.3,51.05,156.993,5.8282,3.19,4.17,5.25,down
74,1,person,779.24,274.39,112.29,372.6,78.5829,-11.3633,0.45,-0.31,0.55,stationary
74,2,car,1155.2,374.02,328.39,157.11,185.3971,-7.0332,-0.0,-0.02,0.02,stationary
74,3,person,665.36,268.02,140.09,371.88,110.8631,0.1956,2.21,2.71,3.49,down
74,4,car,72.56,333.28,145.08,263.94,470.3194,-7.9446,-0.04,-0.05,0.07,stationary
74,36,car,570.46,408.55,98.08,60.02,143.2469,-3.9112,-0.49,0.1,0.5,stationary
75,1,person,779.63,277.67,111.75,373.63,78.9762,0.3933,0.39,3.28,3.31,down
75,2,car,1155.21,374.02,328.43,157.13,185.214,-0.1831,0.0,-0.0,0.01,stationary
75,3,person,666.49,270.18,138.43,370.51,103.2854,-7.5777,1.13,2.15,2.43,down
75,4,car,72.56,333.29,145.05,263.89,452.6942,-17.6252,-0.0,0.0,0.0,stationary
75,36,car,571.44,408.42,97.95,59.92,136.8245,-6.4223,0.97,-0.13,0.98,stationary
76,1,person,779.64,280.17,110.44,371.57,87.4935,8.5174,0.01,2.5,2.5,down
76,2,car,1155.21,374.02,328.47,157.14,192.5992,7.3852,-0.0,0.01,0.01,stationary
76,3,person,667.69,272.51,136.08,366.08,114.2037,10.9183,1.2,2.33,2.62,down
76,4,car,72.53,333.28,145.04,263.9,452.1674,-0.5269,-0.02,-0.0,0.02,stationary
76,36,car,571.61,408.43,97.74,59.78,138.6772,1.8527,0.17,0.01,0.17,stationary
77,1,person,779.13,282.48,108.94,368.15,97.3208,9.8272,-0.51,2.31,2.37,down
77,2,car,1155.21,374.02,328.48,157.15,192.519,-0.0802,0.0,-0.0,0.01,stationary
77,3,person,667.61,272.06,133.8,362.44,116.155,1.9513,-0.08,-0.45,0.45,stationary
77,4,car,72.51,333.26,145.02,263.97,453.6306,1.4633,-0.02,-0.02,0.03,stationary
77,36,car,571.68,408.41,97.71,59.74,137.633,-1.0443,0.07,-0.02,0.07,stationary
77,27,skateboard,671.84,445.33,63.44,29.52,208.5025,-71.8506,20.34,-4.33,20.8,right
78,1,person,778.93,283.29,108.17,367.0,95.3965,-1.9243,-0.19,0.81,0.83,stationary
78,2,car,1155.22,374.01,328.48,157.15,192.4987,-0.0203,0.0,-0.0,0.0,stationary
78,3,person,667.53,271.81,132.48,361.13,115.9628,-0.1922,-0.08,-0.26,0.27,stationary
78,4,car,72.5,333.26,145.0,263.99,453.5261,-0.1045,-0.01,-0.01,0.01,stationary
78,36,car,571.69,408.41,97.72,59.72,137.8499,0.2169,0.01,-0.01,0.01,stationary
78,27,skateboard,672.53,445.3,65.23,29.39,206.9938,-1.5087,0.69,-0.03,0.69,stationary
79,1,person,778.7,284.19,107.32,365.47,94.5314,-0.8651,-0.23,0.9,0.93,stationary
79,2,car,1155.22,374.01,328.5,157.17,188.1936,-4.3051,0.0,-0.0,0.0,stationary
79,3,person,668.75,274.3,131.22,358.89,111.0914,-4.8714,1.22,2.5,2.78,down
79,4,car,72.48,333.24,144.97,264.02,457.4281,3.902,-0.02,-0.02,0.02,stationary
79,36,car,571.7,408.39,97.67,59.67,135.255,-2.5949,0.01,-0.02,0.02,stationary
79,27,skateboard,674.09,443.95,71.1,31.47,210.168,3.1743,1.56,-1.35,2.07,right
80,1,person,778.09,285.59,104.74,357.29,94.6759,0.1445,-0.61,1.4,1.53,down
80,2,car,1155.21,374.03,328.43,157.13,190.8201,2.6265,-0.01,0.02,0.02,stationary
80,3,person,670.72,276.58,128.28,353.73,117.0274,5.936,1.98,2.27,3.01,down
80,4,car,72.47,333.21,144.94,264.05,450.0567,-7.3714,-0.02,-0.03,0.03,stationary
80,36,car,571.96,408.35,98.06,59.88,132.5373,-2.7177,0.26,-0.03,0.26,stationary
80,27,skateboard,672.7,443.71,72.32,31.76,180.7857,-29.3823,-1.39,-0.24,1.41,left
81,1,person,778.28,288.96,103.28,353.32,91.2875,-3.3883,0.2,3.37,3.37,down
81,2,car,1155.21,374.06,328.36,157.09,189.4723,-1.3478,0.0,0.02,0.02,stationary
81,3,person,671.65,279.13,125.86,349.57,120.4035,3.3761,0.92,2.55,2.71,down
81,4,car,72.41,333.19,144.82,263.96,435.1161,-14.9406,-0.06,-0.02,0.06,stationary
81,36,car,572.18,408.34,98.31,60.0,135.5435,3.0063,0.22,-0.01,0.22,stationary
81,27,skateboard,670.03,443.92,72.96,32.25,177.6852,-3.1005,-2.68,0.21,2.69,left
82,1,person,778.35,290.13,102.63,351.96,93.7704,2.4829,0.06,1.16,1.17,down
82,2,car,1155.22,373.97,328.75,157.3,191.1049,1.6326,0.0,-0.09,0.09,stationary
82,3,person,671.89,280.03,124.52,348.14,123.1773,2.7739,0.24,0.89,0.93,stationary
82,4,car,72.42,333.19,144.84,263.95,415.4243,-19.6919,0.01,0.0,0.01,stationary
82,36,car,572.2,408.3,98.48,60.09,136.0847,0.5411,0.02,-0.05,0.05,stationary
82,27,skateboard,669.02,443.9,73.25,32.57,179.2435,1.5583,-1.01,-0.02,1.01,left
83,1,person,778.51,291.1,102.1,351.16,90.5095,-3.2609,0.16,0.97,0.99,stationary
83,2,car,1155.3,373.83,329.17,157.57,182.8859,-8.2191,0.09,-0.14,0.17,stationary
83,3,person,672.77,282.19,123.55,348.07,125.0495,1.8722,0.88,2.16,2.33,down
83,4,car,72.52,332.86,144.94,264.02,464.6353,49.211,0.1,-0.33,0.35,stationary
83,36,car,572.85,407.83,99.85,61.02,132.7865,-3.2982,0.65,-0.47,0.8,stationary
83,27,skateboard,665.54,445.48,68.55,30.79,178.3828,-0.8607,-3.47,1.58,3.81,left
84,1,person,778.38,291.42,101.14,348.08,71.156,-19.3535,-0.13,0.32,0.34,stationary
84,2,car,1155.34,373.79,328.97,157.5,179.5631,-3.3228,0.03,-0.04,0.05,stationary
84,3,person,673.56,283.29,121.99,345.92,116.3552,-8.6943,0.79,1.1,1.36,down
84,4,car,72.64,332.74,144.97,264.01,483.8619,19.2266,0.12,-0.12,0.16,stationary
84,36,car,573.15,407.6,100.37,61.45,134.9878,2.2013,0.3,-0.22,0.37,stationary
84,27,skateboard,668.11,441.53,82.41,38.07,161.7164,-16.6663,2.57,-3.95,4.71,up
85,1,person,777.53,291.82,100.62,346.72,71.1179,-0.0381,-0.84,0.4,0.93,stationary
85,2,car,1155.34,373.7,329.21,157.68,180.4349,0.8718,0.0,-0.09,0.09,stationary
85,3,person,673.34,283.94,120.16,343.09,105.2602,-11.095,-0.22,0.65,0.68,stationary
85,4,car,72.78,332.69,145.09,264.16,456.3081,-27.5538,0.14,-0.05,0.15,stationary
85,36,car,572.58,407.62,99.98,61.41,130.3684,-4.6194,-0.58,0.01,0.58,stationary
85,27,skateboard,668.91,437.47,96.17,46.24,148.1924,-13.524,0.8,-4.06,4.14,up
86,1,person,777.34,291.9,100.42,346.34,73.3837,2.2659,-0.19,0.08,0.21,stationary
86,2,car,1155.32,373.68,329.31,157.78,181.4117,0.9768,-0.02,-0.02,0.03,stationary
86,3,person,673.24,284.0,119.05,342.1,107.55,2.2899,-0.11,0.06,0.13,stationary
86,4,car,72.89,332.63,145.16,264.17,425.0298,-31.2783,0.11,-0.06,0.13,stationary
86,36,car,572.34,407.64,99.63,61.41,129.8846,-0.4837,-0.24,0.02,0.24,stationary
86,27,skateboard,669.2,435.79,99.6,49.65,144.8965,-3.2959,0.29,-1.68,1.7,up
87,1,person,776.06,292.1,99.91,344.96,77.9227,4.539,-1.28,0.2,1.3,left
87,2,car,1155.33,373.68,329.2,157.78,186.5703,5.1585,0.01,-0.0,0.01,stationary
87,3,person,671.63,285.92,117.8,340.69,103.7147,-3.8354,-1.61,1.93,2.51,down
87,4,car,72.89,332.65,145.17,264.12,455.0759,30.0461,-0.0,0.02,0.02,stationary
87,36,car,572.05,407.63,99.24,61.37,131.0366,1.1519,-0.29,-0.01,0.29,stationary
88,1,person,775.55,291.87,98.86,340.4,71.8169,-6.1058,-0.51,-0.22,0.56,stationary
88,2,car,1155.33,373.7,329.09,157.77,176.9281,-9.6422,-0.01,0.02,0.02,stationary
88,3,person,669.81,286.2,116.39,337.31,99.9158,-3.7988,-1.82,0.27,1.84,left
88,4,car,72.93,332.59,145.3,264.27,464.7793,9.7033,0.04,-0.07,0.08,stationary
88,36,car,571.81,407.7,98.66,61.19,129.9799,-1.0567,-0.23,0.07,0.24,stationary
89,1,person,774.4,292.61,98.16,337.8,59.4614,-12.3555,-1.16,0.74,1.38,left
89,2,car,1155.33,373.68,329.1,157.82,179.7926,2.8645,0.0,-0.02,0.02,stationary
89,3,person,668.37,286.21,115.68,335.16,90.6837,-9.2321,-1.44,0.02,1.44,left
89,4,car,72.98,332.61,145.35,264.25,441.0187,-23.7605,0.05,0.02,0.05,stationary
89,36,car,571.73,407.74,98.3,61.16,122.3245,-7.6553,-0.09,0.03,0.09,stationary
90,1,person,774.12,292.87,97.95,336.91,60.779,1.3176,-0.28,0.26,0.38,stationary
90,2,car,1155.32,373.69,329.05,157.84,178.8983,-0.8943,-0.01,0.01,0.02,stationary
90,3,person,667.78,286.0,115.36,334.07,93.231,2.5474,-0.6,-0.21,0.63,stationary
90,4,car,72.99,332.68,145.36,264.18,427.1728,-13.8459,0.01,0.07,0.07,stationary
90,36,car,571.71,407.76,98.0,61.12,124.0964,1.7718,-0.01,0.02,0.03,stationary
91,1,person,773.08,293.06,97.39,334.87,63.5922,2.8132,-1.04,0.19,1.05,left
91,2,car,1155.32,373.71,328.98,157.84,180.1135,1.2152,0.0,0.01,0.01,stationary
91,3,person,666.93,286.02,114.91,331.96,95.0661,1.8351,-0.84,0.01,0.84,stationary
91,4,car,72.96,332.61,145.52,264.45,429.9564,2.7836,-0.02,-0.08,0.08,stationary
91,36,car,571.79,407.82,97.71,61.07,121.4098,-2.6866,0.07,0.06,0.09,stationary
92,1,person,770.49,294.03,96.04,330.47,67.0837,3.4916,-2.59,0.97,2.77,left
92,2,car,1155.31,373.72,328.78,157.76,176.3727,-3.7408,-0.01,0.01,0.02,stationary
92,3,person,664.96,288.1,114.43,328.88,87.4005,-7.6656,-1.97,2.08,2.87,down
92,4,car,72.92,332.57,145.6,264.59,429.7654,-0.191,-0.04,-0.04,0.06,stationary
92,36,car,572.13,407.88,97.35,60.86,119.0044,-2.4054,0.34,0.07,0.35,stationary
92,27,skateboard,667.53,439.21,72.33,35.91,142.1035,-2.7931,-1.67,3.41,3.8,down
93,1,person,768.9,295.6,95.67,329.25,61.3204,-5.7634,-1.59,1.57,2.23,left
93,2,car,1155.3,373.73,328.61,157.7,173.1946,-3.178,-0.01,0.01,0.02,stationary
93,3,person,663.9,290.52,114.3,327.1,84.6098,-2.7906,-1.06,2.43,2.65,down
93,4,car,72.91,332.57,145.65,264.69,442.9244,13.159,-0.02,0.0,0.02,stationary
93,36,car,572.34,407.94,97.17,60.74,115.9258,-3.0786,0.21,0.06,0.22,stationary
93,27,skateboard,666.78,441.34,64.09,30.98,146.6995,4.596,-0.75,2.13,2.26,down
94,1,person,767.13,297.12,95.41,328.18,56.8272,-4.4932,-1.77,1.53,2.34,left
94,2,car,1155.3,373.72,328.5,157.66,173.2245,0.0298,-0.0,-0.01,0.01,stationary
94,3,person,663.14,292.39,114.06,325.02,82.4891,-2.1207,-0.76,1.87,2.02,down
94,4,car,72.91,332.61,145.67,264.73,438.606,-4.3184,0.01,0.04,0.04,stationary
94,36,car,572.48,407.95,97.0,60.61,110.7236,-5.2022,0.14,0.01,0.14,stationary
94,27,skateboard,666.1,442.0,62.59,29.46,153.3206,6.6211,-0.68,0.66,0.95,stationary
95,1,person,765.69,298.79,95.3,326.27,64.5772,7.75,-1.44,1.67,2.2,down
95,2,car,1155.31,373.72,328.46,157.65,175.6143,2.3899,0.02,-0.0,0.02,stationary
95,3,person,662.74,294.07,113.79,323.03,90.5331,8.0439,-0.4,1.68,1.72,down
95,4,car,72.95,332.6,145.68,264.72,434.9703,-3.6357,0.04,-0.01,0.04,stationary
95,36,car,572.57,407.93,97.07,60.6,114.1111,3.3875,0.09,-0.02,0.1,stationary
95,27,skateboard,666.19,442.21,62.93,29.05,158.7785,5.4579,0.09,0.2,0.22,stationary
96,1,person,765.15,299.38,95.48,325.63,65.914,1.3367,-0.54,0.59,0.8,stationary
96,2,car,1155.32,373.72,328.43,157.64,175.5556,-0.0587,0.01,-0.0,0.01,stationary
96,3,person,662.6,294.65,113.94,322.35,90.635,0.1019,-0.14,0.58,0.59,stationary
96,4,car,72.97,332.6,145.69,264.72,431.1671,-3.8032,0.02,-0.01,0.02,stationary
96,36,car,572.62,407.92,97.13,60.58,114.1762,0.0652,0.05,-0.01,0.05,stationary
96,27,skateboard,666.21,442.3,63.76,28.95,158.7872,0.0087,0.02,0.09,0.09,stationary
97,1,person,765.52,300.21,94.85,322.11,62.4693,-3.4447,0.37,0.83,0.91,stationary
97,2,car,1155.33,373.74,328.4,157.64,175.5012,-0.0544,0.0,0.03,0.03,stationary
97,3,person,662.48,296.52,113.44,319.43,91.4973,0.8624,-0.12,1.87,1.88,down
97,4,car,72.98,332.61,145.69,264.69,426.9078,-4.2592,0.02,0.02,0.02,stationary
97,36,car,572.67,407.85,97.38,60.72,115.7257,1.5495,0.05,-0.07,0.08,stationary
97,27,skateboard,666.83,442.69,62.55,27.91,166.2805,7.4934,0.63,0.39,0.74,stationary
98,1,person,768.88,301.5,94.49,315.04,54.3577,-8.1116,3.36,1.28,3.6,right
98,2,car,1155.34,373.81,328.28,157.58,171.9456,-3.5557,0.01,0.06,0.06,stationary
98,3,person,661.76,299.37,112.38,314.08,89.2162,-2.2811,-0.72,2.85,2.94,down
98,4,car,72.98,332.64,145.67,264.63,432.564,5.6562,-0.01,0.03,0.03,stationary
98,36,car,572.75,407.77,97.81,60.99,112.8414,-2.8842,0.09,-0.08,0.12,stationary
99,1,person,768.84,301.99,94.36,310.17,46.9496,-7.408,-0.04,0.5,0.5,stationary
99,2,car,1155.35,373.84,328.16,157.52,176.6173,4.6718,0.01,0.03,0.03,stationary
99,3,person,661.15,300.89,111.68,309.37,82.3892,-6.827,-0.61,1.53,1.64,down
99,4,car,73.0,332.55,145.76,264.78,450.4455,17.8815,0.02,-0.09,0.1,stationary
99,36,car,572.61,407.71,97.82,61.0,109.2021,-3.6393,-0.14,-0.06,0.15,stationary
100,1,person,768.8,302.06,95.0,308.32,47.2456,0.296,-0.04,0.07,0.08,stationary
100,2,car,1155.35,373.85,328.12,157.5,176.1358,-0.4815,0.0,0.01,0.01,stationary
100,3,person,660.96,301.42,111.98,307.75,82.8538,0.4646,-0.19,0.53,0.56,stationary
100,4,car,73.01,332.52,145.8,264.83,451.794,1.3485,0.01,-0.03,0.03,stationary
100,36,car,572.55,407.68,97.84,61.01,109.3549,0.1528,-0.06,-0.03,0.07,stationary
101,1,person,767.86,303.28,95.61,308.15,53.208,5.9624,-0.94,1.22,1.54,down
101,2,car,1155.35,373.84,328.13,157.5,173.5083,-2.6276,-0.0,-0.01,0.01,stationary
101,3,person,660.81,301.49,112.44,306.73,86.6955,3.8417,-0.16,0.06,0.17,stationary
101,4,car,73.04,332.54,145.8,264.8,443.4676,-8.3264,0.03,0.02,0.04,stationary
101,36,car,572.62,407.63,97.98,61.07,110.0084,0.6534,0.07,-0.05,0.09,stationary
102,1,person,767.58,304.54,95.85,307.29,57.8022,4.5941,-0.28,1.25,1.28,down
102,2,car,1155.36,373.85,327.96,157.41,172.0559,-1.4524,0.01,0.01,0.02,stationary
102,3,person,660.77,301.64,113.08,306.35,91.1481,4.4526,-0.04,0.16,0.16,stationary
102,4,car,73.01,332.6,145.76,264.71,428.3235,-15.1441,-0.03,0.06,0.07,stationary
102,36,car,572.62,407.62,97.89,60.97,120.5372,10.5288,-0.0,-0.01,0.01,stationary
103,1,person,766.21,303.14,95.03,302.65,57.9136,0.1114,-1.37,-1.4,1.96,up
103,2,car,1155.38,373.85,327.96,157.41,165.6105,-6.4454,0.01,0.0,0.01,stationary
103,3,person,660.4,300.63,112.74,303.05,90.8994,-0.2487,-0.37,-1.01,1.07,up
103,4,car,72.99,332.59,145.76,264.71,449.3366,21.0131,-0.02,-0.01,0.02,stationary
103,36,car,572.41,407.73,97.57,60.71,120.1404,-0.3968,-0.21,0.11,0.24,stationary
104,1,person,765.23,298.3,92.32,290.43,51.5208,-6.3928,-0.98,-4.84,4.94,up
104,2,car,1155.4,373.83,328.05,157.45,177.4649,11.8544,0.02,-0.02,0.03,stationary
104,3,person,661.77,298.32,112.65,300.7,83.4937,-7.4057,1.37,-2.31,2.69,up
104,4,car,72.96,332.63,145.77,264.72,452.5502,3.2136,-0.02,0.03,0.04,stationary
104,36,car,572.46,407.69,97.56,60.65,119.0297,-1.1107,0.05,-0.04,0.07,stationary
105,1,person,765.1,295.47,91.0,283.0,49.1235,-2.3973,-0.12,-2.83,2.83,up
105,2,car,1155.39,373.78,328.23,157.55,175.3842,-2.0807,-0.01,-0.05,0.05,stationary
105,3,person,662.67,295.92,111.87,296.29,78.6665,-4.8272,0.9,-2.4,2.57,up
105,4,car,72.94,332.62,145.78,264.75,454.8849,2.3347,-0.02,-0.0,0.02,stationary
105,36,car,572.34,407.74,97.48,60.57,113.1495,-5.8802,-0.12,0.05,0.14,stationary
105,48,car,814.6,415.55,54.95,37.17,57.0442,0.0,0.0,0.0,0.0,stationary
106,1,person,764.48,296.24,91.39,282.09,45.3909,-3.7327,-0.62,0.77,0.99,stationary
106,2,car,1155.37,373.81,328.06,157.47,174.7423,-0.642,-0.02,0.04,0.04,stationary
106,3,person,662.85,294.61,112.12,295.07,76.2889,-2.3775,0.17,-1.31,1.32,up
106,4,car,72.95,332.58,145.85,264.89,463.6301,8.7451,0.01,-0.04,0.04,stationary
106,36,car,572.36,407.74,97.41,60.46,107.8941,-5.2555,0.02,-0.01,0.02,stationary
106,48,car,814.99,415.53,55.06,37.25,53.4768,-3.5674,0.39,-0.02,0.39,stationary
107,1,person,764.26,299.24,93.17,286.16,48.1795,2.7886,-0.22,3.01,3.01,down
107,2,car,1155.34,373.81,328.05,157.46,169.2265,-5.5157,-0.02,-0.01,0.02,stationary
107,3,person,662.81,293.86,112.47,294.07,78.8147,2.5257,-0.04,-0.75,0.75,stationary
107,4,car,72.98,332.55,145.89,264.99,467.4629,3.8328,0.03,-0.04,0.05,stationary
107,36,car,572.2,407.8,97.21,60.3,108.4212,0.5272,-0.16,0.06,0.17,stationary
107,48,car,814.76,415.59,54.53,36.86,50.6382,-2.8386,-0.23,0.05,0.23,stationary
108,1,person,764.18,300.38,94.14,287.84,48.1223,-0.0572,-0.08,1.13,1.14,down
108,2,car,1155.34,373.8,328.05,157.45,168.878,-0.3485,-0.01,-0.0,0.01,stationary
108,3,person,662.79,293.57,113.02,293.77,78.6163,-0.1984,-0.02,-0.29,0.29,stationary
108,4,car,72.99,332.53,145.91,265.02,466.9767,-0.4861,0.01,-0.02,0.02,stationary
108,36,car,572.12,407.82,97.15,60.24,108.0321,-0.3892,-0.07,0.02,0.08,stationary
108,48,car,814.65,415.61,54.42,36.74,50.5271,-0.1111,-0.11,0.02,0.11,stationary
108,50,skateboard,657.37,430.08,63.28,49.13,103.7359,0.0,0.0,0.0,0.0,stationary
109,1,person,763.18,301.15,94.44,288.32,49.1462,1.0239,-1.0,0.78,1.26,stationary
109,2,car,1155.33,373.78,328.0,157.42,171.2851,2.4071,-0.01,-0.02,0.02,stationary
109,3,person,662.89,294.06,113.81,294.5,84.0799,5.4636,0.1,0.5,0.51,stationary
109,4,car,73.0,332.61,145.82,264.84,464.9347,-2.0421,0.01,0.08,0.08,stationary
109,36,car,572.38,407.8,97.28,60.28,107.9081,-0.124,0.25,-0.02,0.25,stationary
109,48,car,814.72,415.68,54.26,36.59,50.2926,-0.2345,0.07,0.07,0.1,stationary
109,50,skateboard,662.06,432.32,55.56,42.96,111.4082,7.6722,4.7,2.23,5.2,right
110,1,person,762.82,301.48,94.68,288.66,49.5865,0.4403,-0.36,0.33,0.49,stationary
110,2,car,1155.32,373.77,328.01,157.41,171.7737,0.4886,-0.0,-0.02,0.02,stationary
110,3,person,662.9,294.26,114.41,294.89,84.025,-0.0549,0.01,0.19,0.19,stationary
110,4,car,73.0,332.64,145.79,264.77,463.6342,-1.3005,0.0,0.03,0.03,stationary
110,36,car,572.48,407.81,97.41,60.31,108.4705,0.5623,0.1,0.0,0.1,stationary
110,48,car,814.76,415.7,54.26,36.54,50.8884,0.5958,0.04,0.03,0.05,stationary
110,50,skateboard,663.3,433.04,53.34,41.0,117.293,5.8849,1.24,0.72,1.44,right
111,1,person,760.34,306.38,95.2,291.91,50.293,0.7066,-2.48,4.9,5.5,down
111,2,car,1155.3,373.86,328.07,157.44,171.3141,-0.4596,-0.02,0.1,0.1,stationary
111,3,person,662.9,299.83,114.98,296.66,81.8281,-2.1969,-0.0,5.57,5.57,down
111,4,car,73.07,332.62,145.81,264.75,493.3129,29.6787,0.07,-0.02,0.07,stationary
111,36,car,572.33,407.79,98.61,60.98,105.7947,-2.6758,-0.15,-0.02,0.15,stationary
111,48,car,814.75,415.63,54.3,36.54,50.5355,-0.3529,-0.01,-0.08,0.08,stationary
111,50,skateboard,659.45,438.72,42.22,31.65,139.4834,22.1904,-3.86,5.68,6.87,down
112,1,person,758.65,309.51,94.7,292.22,53.9551,3.6621,-1.69,3.13,3.55,down
112,2,car,1155.29,373.88,328.15,157.47,175.0615,3.7473,-0.01,0.01,0.02,stationary
112,3,person,662.86,301.41,115.44,298.88,81.8149,-0.0133,-0.04,1.59,1.59,down
112,4,car,73.08,332.68,145.74,264.57,484.9381,-8.3748,0.02,0.06,0.06,stationary
112,36,car,572.34,407.75,99.1,61.21,106.7365,0.9418,0.01,-0.04,0.04,stationary
112,48,car,814.78,415.64,54.23,36.47,48.5738,-1.9617,0.03,0.01,0.03,stationary
112,50,skateboard,664.55,442.36,28.92,20.9,175.6259,36.1424,5.11,3.64,6.27,right
112,27,skateboard,657.76,443.17,56.85,24.8,183.0732,16.7927,-9.07,0.49,9.08,left
113,1,person,757.72,310.65,93.42,290.26,54.5202,0.5651,-0.93,1.14,1.47,down
113,2,car,1155.31,373.83,328.28,157.54,175.5477,0.4863,0.01,-0.05,0.05,stationary
113,3,person,663.34,301.26,114.19,296.57,77.5254,-4.2895,0.48,-0.16,0.5,stationary
113,4,car,73.14,332.58,145.87,264.74,465.9564,-18.9817,0.06,-0.1,0.11,stationary
113,36,car,572.13,407.74,99.36,61.33,104.3996,-2.3369,-0.21,-0.01,0.21,stationary
113,48,car,815.04,415.67,54.28,36.51,49.9314,1.3576,0.26,0.03,0.26,stationary
113,27,skateboard,658.67,442.0,61.79,26.54,185.0075,1.9342,0.9,-1.18,1.48,up
114,1,person,757.33,311.07,92.66,289.65,54.4721,-0.0481,-0.38,0.42,0.57,stationary
114,2,car,1155.32,373.8,328.39,157.61,177.4011,1.8534,0.01,-0.03,0.03,stationary
114,3,person,663.51,301.19,113.5,295.6,78.1438,0.6184,0.18,-0.06,0.19,stationary
114,4,car,73.15,332.51,145.98,264.91,457.2911,-8.6653,0.01,-0.07,0.07,stationary
114,36,car,571.99,407.72,99.53,61.4,105.2908,0.8913,-0.14,-0.02,0.14,stationary
114,48,car,815.11,415.69,54.23,36.47,48.2632,-1.6682,0.07,0.01,0.07,stationary
114,27,skateboard,658.78,441.76,63.26,26.83,192.2906,7.2832,0.12,-0.24,0.27,stationary
115,1,person,755.28,312.72,90.21,285.4,53.2933,-1.1788,-2.06,1.65,2.64,left
115,2,car,1155.31,373.78,328.45,157.65,177.0477,-0.3535,-0.01,-0.02,0.03,stationary
115,3,person,664.29,304.43,110.59,289.02,76.4327,-1.7111,0.78,3.24,3.33,down
115,4,car,73.22,332.63,145.9,264.67,453.2531,-4.038,0.07,0.12,0.14,stationary
115,36,car,572.2,407.83,98.77,60.87,107.0827,1.7919,0.22,0.11,0.24,stationary
115,48,car,815.15,415.65,54.33,36.54,53.5803,5.3171,0.04,-0.03,0.05,stationary
115,27,skateboard,657.95,441.29,61.56,25.86,139.0253,-53.2654,-0.83,-0.47,0.95,stationary
116,1,person,754.53,313.31,88.72,283.78,54.8992,1.6059,-0.75,0.59,0.95,stationary
116,2,car,1155.31,373.76,328.54,157.71,177.7789,0.7312,-0.0,-0.01,0.01,stationary
116,3,person,664.58,305.74,109.41,286.89,77.5622,1.1296,0.29,1.31,1.34,down
116,4,car,73.25,332.69,145.89,264.57,456.8689,3.6158,0.03,0.06,0.06,stationary
116,36,car,572.28,407.87,98.46,60.66,107.6724,0.5897,0.08,0.05,0.09,stationary
116,48,car,815.13,415.61,54.37,36.57,54.29,0.7097,-0.01,-0.04,0.04,stationary
116,27,skateboard,657.65,441.19,60.71,25.28,138.8998,-0.1255,-0.3,-0.1,0.31,stationary
117,1,person,753.59,314.04,87.62,283.04,52.6866,-2.2126,-0.94,0.73,1.19,stationary
117,2,car,1155.31,373.81,328.43,157.67,175.6594,-2.1195,0.01,0.05,0.05,stationary
117,3,person,664.99,307.02,108.86,286.4,76.8169,-0.7454,0.41,1.28,1.34,down
117,4,car,73.25,332.82,145.8,264.28,484.8763,28.0074,0.0,0.13,0.13,stationary
117,36,car,572.43,407.88,98.59,60.7,107.8706,0.1982,0.15,0.0,0.15,stationary
117,48,car,815.18,415.59,54.42,36.6,55.2612,0.9712,0.05,-0.01,0.05,stationary
117,27,skateboard,657.03,441.12,60.08,25.08,137.3972,-1.5026,-0.62,-0.07,0.62,stationary
118,1,person,752.43,315.12,86.68,282.58,54.9308,2.2442,-1.16,1.08,1.58,left
118,2,car,1155.34,373.75,328.62,157.79,179.2998,3.6404,0.03,-0.06,0.07,stationary
118,3,person,664.87,306.83,107.82,285.05,80.5102,3.6933,-0.12,-0.19,0.22,stationary
118,4,car,73.29,332.86,145.8,264.17,495.2867,10.4105,0.04,0.03,0.05,stationary
118,36,car,572.83,407.91,98.93,60.83,107.5142,-0.3563,0.4,0.03,0.4,stationary
118,48,car,815.37,415.58,54.52,36.67,54.8612,-0.4,0.19,-0.02,0.19,stationary
118,27,skateboard,656.31,440.65,63.42,26.9,142.3986,5.0014,-0.72,-0.48,0.86,stationary
119,1,person,751.31,315.88,85.71,281.99,49.7561,-5.1747,-1.12,0.77,1.36,left
119,2,car,1155.34,373.72,328.68,157.85,178.6212,-0.6786,-0.0,-0.03,0.03,stationary
119,3,person,664.84,305.92,106.27,282.37,76.568,-3.9422,-0.03,-0.91,0.91,stationary
119,4,car,73.29,332.88,145.83,264.1,487.0644,-8.2223,0.0,0.03,0.03,stationary
119,36,car,572.65,407.97,98.93,60.82,103.729,-3.7852,-0.18,0.06,0.19,stationary
119,48,car,815.44,415.58,54.39,36.59,49.1857,-5.6755,0.07,-0.0,0.07,stationary
119,27,skateboard,656.03,440.76,62.94,26.93,131.0866,-11.312,-0.28,0.11,0.3,stationary
120,1,person,750.94,316.05,84.91,281.69,50.4069,0.6508,-0.37,0.17,0.41,stationary
120,2,car,1155.33,373.71,328.72,157.89,178.1594,-0.4618,-0.0,-0.02,0.02,stationary
120,3,person,664.75,305.67,105.52,281.63,76.9507,0.3827,-0.09,-0.25,0.27,stationary
120,4,car,73.3,332.88,145.87,264.09,488.733,1.6686,0.01,-0.0,0.01,stationary
120,36,car,572.55,407.99,98.93,60.81,103.8875,0.1585,-0.09,0.02,0.1,stationary
120,48,car,815.47,415.58,54.36,36.58,49.7148,0.5292,0.03,0.0,0.03,stationary
120,27,skateboard,655.94,440.88,62.15,26.78,131.6841,0.5975,-0.09,0.13,0.15,stationary
121,1,person,750.06,316.28,83.43,278.79,60.6864,10.2795,-0.89,0.23,0.92,stationary
121,2,car,1155.34,373.72,328.37,157.72,176.5045,-1.6549,0.01,0.01,0.01,stationary
121,3,person,664.82,306.2,105.15,281.96,81.5486,4.5978,0.08,0.54,0.54,stationary
121,4,car,73.27,332.82,146.05,264.37,490.2581,1.5251,-0.03,-0.06,0.07,stationary
121,36,car,572.27,407.91,98.92,60.92,109.2292,5.3417,-0.28,-0.08,0.29,stationary
121,48,car,815.41,415.6,54.46,36.63,49.3439,-0.3709,-0.07,0.01,0.07,stationary
121,27,skateboard,657.76,440.81,59.8,26.14,130.8326,-0.8515,1.81,-0.08,1.82,right
122,1,person,748.54,317.37,82.17,276.56,47.4011,-13.2853,-1.51,1.1,1.87,left
122,2,car,1155.35,373.71,328.22,157.65,180.7428,4.2383,0.01,-0.01,0.01,stationary
122,3,person,664.88,307.24,104.33,280.97,70.8071,-10.7415,0.06,1.04,1.04,down
122,4,car,73.27,332.79,146.15,264.51,480.4222,-9.8359,0.0,-0.03,0.03,stationary
122,36,car,572.03,407.88,98.66,60.94,101.9907,-7.2385,-0.24,-0.04,0.24,stationary
122,48,car,815.25,415.65,54.15,36.34,45.4278,-3.916,-0.16,0.05,0.16,stationary
123,1,person,747.59,317.96,80.88,274.06,49.5522,2.1511,-0.95,0.59,1.12,stationary
123,2,car,1155.36,373.73,328.08,157.57,182.2051,1.4624,0.0,0.02,0.02,stationary
123,3,person,664.74,308.64,103.43,279.86,70.6155,-0.1915,-0.14,1.4,1.41,down
123,4,car,73.34,332.73,146.22,264.58,463.0899,-17.3323,0.07,-0.06,0.09,stationary
123,36,car,571.89,407.98,98.21,60.83,101.7812,-0.2095,-0.15,0.1,0.18,stationary
123,48,car,815.29,415.66,54.05,36.21,49.2986,3.8707,0.04,0.01,0.04,stationary
124,1,person,746.5,317.83,79.56,271.3,47.371,-2.1812,-1.09,-0.13,1.1,left
124,2,car,1155.35,373.76,328.02,157.54,180.2005,-2.0047,-0.01,0.03,0.03,stationary
124,3,person,664.51,309.71,102.38,278.38,68.5933,-2.0222,-0.23,1.06,1.09,down
124,4,car,73.34,332.79,146.19,264.46,451.3046,-11.7852,0.0,0.06,0.06,stationary
124,36,car,571.74,408.0,98.09,60.94,103.1179,1.3367,-0.14,0.02,0.14,stationary
124,48,car,815.34,415.64,53.97,36.09,48.6576,-0.641,0.04,-0.02,0.05,stationary
125,1,person,745.67,317.78,78.5,269.16,50.0208,2.6498,-0.83,-0.05,0.83,stationary
125,2,car,1155.34,373.78,328.01,157.52,183.1855,2.9851,-0.01,0.02,0.03,stationary
125,3,person,664.14,310.39,101.6,277.5,71.3723,2.779,-0.38,0.69,0.79,stationary
125,4,car,73.34,332.85,146.13,264.28,442.9239,-8.3807,0.0,0.07,0.07,stationary
125,36,car,571.85,408.01,97.96,61.0,106.2641,3.1462,0.1,0.01,0.1,stationary
125,48,car,815.17,415.6,54.04,36.09,46.3417,-2.3159,-0.17,-0.04,0.17,stationary
126,1,person,745.39,317.75,77.9,268.42,50.1405,0.1197,-0.27,-0.03,0.27,stationary
126,2,car,1155.33,373.82,327.99,157.5,185.6642,2.4786,-0.01,0.05,0.05,stationary
126,3,person,664.08,310.56,100.98,277.04,72.2297,0.8574,-0.06,0.17,0.18,stationary
126,4,car,73.34,332.91,146.1,264.14,437.9036,-5.0203,-0.0,0.06,0.06,stationary
126,36,car,571.82,408.02,97.81,61.03,108.2545,1.9904,-0.03,0.01,0.03,stationary
126,48,car,815.12,415.62,54.1,36.1,47.0606,0.7189,-0.05,0.02,0.06,stationary
127,1,person,744.75,317.86,77.43,267.7,49.2276,-0.9129,-0.65,0.11,0.66,stationary
127,2,car,1155.28,373.82,328.02,157.5,183.491,-2.1732,-0.04,-0.01,0.05,stationary
127,3,person,663.75,311.12,100.3,276.82,74.7831,2.5534,-0.33,0.55,0.64,stationary
127,4,car,73.35,332.93,146.16,264.18,459.7559,21.8523,0.01,0.01,0.02,stationary
127,36,car,571.99,408.02,97.54,60.94,108.8781,0.6236,0.17,0.0,0.17,stationary
127,48,car,815.22,415.68,54.26,36.15,46.7434,-0.3172,0.1,0.06,0.12,stationary
128,1,person,744.58,317.99,77.17,267.73,50.4168,1.1892,-0.16,0.13,0.21,stationary
128,2,car,1155.27,373.8,328.17,157.56,184.0993,0.6084,-0.02,-0.01,0.02,stationary
128,3,person,663.62,311.32,99.82,276.95,75.2609,0.4779,-0.13,0.21,0.24,stationary
128,4,car,73.34,332.9,146.23,264.27,473.8712,14.1153,-0.01,-0.03,0.03,stationary
128,36,car,572.08,408.04,97.33,60.88,108.5491,-0.329,0.1,0.02,0.1,stationary
128,48,car,815.12,415.68,54.33,36.18,47.908,1.1645,-0.1,0.0,0.1,stationary
129,1,person,743.11,319.44,76.53,265.57,65.2815,14.8647,-1.48,1.45,2.07,left
129,2,car,1155.27,373.84,328.31,157.63,196.1029,12.0036,0.0,0.04,0.04,stationary
129,3,person,662.85,312.07,97.42,271.44,83.0151,7.7542,-0.78,0.74,1.08,stationary
129,4,car,73.31,332.86,146.0,263.75,404.3242,-69.5469,-0.04,-0.04,0.05,stationary
129,36,car,572.64,407.83,97.2,60.85,106.1246,-2.4245,0.55,-0.21,0.59,stationary
129,48,car,815.08,415.77,54.16,36.02,60.697,12.789,-0.04,0.08,0.09,stationary
130,1,person,742.46,320.76,76.4,265.16,66.3084,1.0269,-0.65,1.32,1.47,down
130,2,car,1155.29,373.75,328.72,157.86,200.0719,3.9689,0.02,-0.09,0.09,stationary
130,3,person,662.39,313.87,96.13,268.93,82.174,-0.8411,-0.45,1.81,1.86,down
130,4,car,73.32,333.03,145.72,263.06,387.36,-16.9643,0.01,0.17,0.17,stationary
130,36,car,572.73,407.71,97.34,61.01,105.6157,-0.5089,0.1,-0.12,0.15,stationary
130,48,car,815.19,415.85,54.34,36.05,66.9151,6.2181,0.11,0.08,0.14,stationary
131,1,person,742.27,321.24,76.35,265.05,66.0703,-0.2381,-0.18,0.48,0.51,stationary
131,2,car,1155.28,373.72,328.7,157.87,201.2236,1.1517,-0.01,-0.03,0.03,stationary
131,3,person,662.14,314.48,95.48,268.02,80.9704,-1.2036,-0.25,0.6,0.66,stationary
131,4,car,73.41,333.15,145.68,262.78,381.9662,-5.3938,0.09,0.12,0.15,stationary
131,36,car,572.75,407.61,97.49,61.19,103.6067,-2.009,0.02,-0.1,0.1,stationary
131,48,car,815.22,415.81,54.51,36.12,66.5592,-0.3559,0.03,-0.04,0.05,stationary
132,1,person,742.08,322.03,76.45,265.28,64.004,-2.0663,-0.2,0.79,0.81,stationary
132,2,car,1155.27,373.63,328.96,158.04,198.7698,-2.4538,-0.01,-0.1,0.1,stationary
132,3,person,661.87,315.37,94.67,266.24,78.7923,-2.1781,-0.27,0.89,0.93,stationary
132,4,car,73.47,333.15,145.82,262.84,391.921,9.9549,0.05,0.0,0.05,stationary
132,36,car,572.57,407.62,97.44,61.27,101.5358,-2.0709,-0.19,0.01,0.19,stationary
132,48,car,815.21,415.78,54.68,36.21,62.9347,-3.6245,-0.01,-0.03,0.03,stationary
133,1,person,741.92,322.53,76.15,264.11,67.4837,3.4798,-0.15,0.5,0.53,stationary
133,2,car,1155.26,373.58,329.06,158.12,204.0567,5.2868,-0.01,-0.04,0.04,stationary
133,3,person,661.89,316.63,93.76,264.31,82.1709,3.3785,0.02,1.26,1.26,down
133,4,car,73.51,333.14,145.96,262.93,398.3564,6.4354,0.04,-0.01,0.04,stationary
133,36,car,572.48,407.62,97.36,61.32,104.8589,3.3231,-0.08,0.0,0.08,stationary
133,48,car,815.43,415.78,54.81,36.24,63.7451,0.8104,0.21,-0.0,0.21,stationary
134,1,person,741.4,323.17,75.63,262.6,62.5442,-4.9395,-0.53,0.64,0.83,stationary
134,2,car,1155.26,373.46,329.48,158.42,194.9165,-9.1402,0.0,-0.12,0.12,stationary
134,3,person,662.12,318.18,93.02,262.61,77.6594,-4.5114,0.23,1.55,1.57,down
134,4,car,73.52,333.11,146.08,263.01,419.0195,20.663,0.01,-0.03,0.03,stationary
134,36,car,572.37,407.6,97.34,61.41,102.3444,-2.5145,-0.11,-0.03,0.11,stationary
134,48,car,815.4,415.76,54.88,36.25,58.2937,-5.4514,-0.03,-0.01,0.03,stationary
135,1,person,741.3,323.37,75.39,262.04,61.3647,-1.1795,-0.1,0.2,0.22,stationary
135,2,car,1155.29,373.48,329.35,158.4,193.5538,-1.3627,0.03,0.01,0.03,stationary
135,3,person,662.15,318.72,92.69,261.97,76.895,-0.7644,0.03,0.55,0.55,stationary
135,4,car,73.55,333.14,146.17,263.04,434.6006,15.5812,0.03,0.03,0.04,stationary
135,36,car,572.28,407.62,97.19,61.41,102.328,-0.0164,-0.09,0.02,0.09,stationary
135,48,car,815.32,415.79,54.88,36.22,56.232,-2.0617,-0.07,0.03,0.08,stationary
136,1,person,740.84,323.79,73.81,254.6,71.6401,10.2754,-0.46,0.42,0.62,stationary
136,2,car,1155.3,373.5,329.2,158.37,201.9318,8.378,0.01,0.02,0.02,stationary
136,3,person,661.41,320.33,91.94,259.6,86.8881,9.9931,-0.74,1.61,1.77,down
136,4,car,73.55,333.14,146.29,263.13,440.4461,5.8455,-0.0,0.0,0.0,stationary
136,36,car,572.18,407.59,97.06,61.45,110.5896,8.2616,-0.1,-0.03,0.1,stationary
136,48,car,815.39,415.83,54.73,36.08,61.8151,5.5831,0.07,0.04,0.08,stationary
137,1,person,740.74,323.78,73.42,251.51,70.1839,-1.4562,-0.09,-0.01,0.09,stationary
137,2,car,1155.32,373.58,328.75,158.17,204.8535,2.9217,0.01,0.08,0.08,stationary
137,3,person,661.1,320.85,91.7,258.63,86.1284,-0.7597,-0.31,0.52,0.6,stationary
137,4,car,73.56,333.23,146.36,263.16,439.9167,-0.5294,0.01,0.08,0.08,stationary
137,36,car,572.05,407.56,96.94,61.48,109.2984,-1.2912,-0.13,-0.03,0.13,stationary
137,48,car,815.39,415.83,54.75,36.07,60.5595,-1.2556,0.0,0.0,0.0,stationary
138,1,person,740.77,325.5,74.26,252.46,59.97,-10.2139,0.02,1.73,1.73,down
138,2,car,1155.35,373.61,328.93,158.31,199.0486,-5.8049,0.03,0.03,0.05,stationary
138,3,person,660.7,321.05,91.28,256.98,78.2201,-7.9083,-0.4,0.2,0.45,stationary
138,4,car,73.55,333.29,146.32,262.96,439.8361,-0.0806,-0.01,0.06,0.06,stationary
138,36,car,572.0,407.54,96.7,61.42,103.4268,-5.8716,-0.05,-0.02,0.05,stationary
138,48,car,815.35,415.81,54.93,36.18,53.6768,-6.8827,-0.04,-0.03,0.05,stationary
139,1,person,740.36,326.01,74.81,251.58,64.513,4.543,-0.4,0.51,0.65,stationary
139,2,car,1155.36,373.61,329.0,158.39,199.0042,-0.0444,0.02,-0.01,0.02,stationary
139,3,person,659.47,320.74,90.99,255.66,77.4087,-0.8114,-1.23,-0.31,1.27,left
139,4,car,73.57,333.29,146.39,262.98,438.851,-0.9851,0.01,-0.0,0.02,stationary
139,36,car,572.01,407.57,96.33,61.28,102.8521,-0.5747,0.0,0.03,0.03,stationary
139,48,car,815.39,415.79,55.02,36.23,53.069,-0.6078,0.04,-0.01,0.05,stationary
140,1,person,739.7,326.27,75.0,249.87,62.3002,-2.2129,-0.66,0.26,0.71,stationary
140,2,car,1155.37,373.61,328.92,158.4,197.7858,-1.2184,0.01,-0.0,0.01,stationary
140,3,person,657.48,319.95,90.49,254.3,75.589,-1.8197,-1.99,-0.79,2.14,left
140,4,car,73.53,333.22,146.49,263.1,423.7157,-15.1353,-0.04,-0.06,0.08,stationary
140,36,car,571.95,407.62,95.98,61.2,101.6387,-1.2134,-0.05,0.05,0.08,stationary
140,48,car,815.36,415.8,55.07,36.29,51.9208,-1.1482,-0.03,0.0,0.03,stationary
140,57,skateboard,665.81,431.73,48.81,38.86,93.3968,0.0,0.0,0.0,0.0,stationary
141,1,person,739.16,324.4,74.08,243.59,65.9134,3.6133,-0.55,-1.87,1.95,up
141,2,car,1155.34,373.65,328.66,158.3,196.7248,-1.061,-0.03,0.05,0.06,stationary
141,3,person,654.39,319.37,89.75,252.58,74.0275,-1.5614,-3.09,-0.59,3.14,left
141,4,car,73.55,333.36,146.4,262.82,451.7706,28.0549,0.03,0.13,0.14,stationary
141,36,car,571.66,407.66,96.38,61.66,100.5523,-1.0864,-0.3,0.04,0.3,stationary
141,48,car,815.27,415.71,55.13,36.36,55.7775,3.8568,-0.09,-0.09,0.12,stationary
141,57,skateboard,666.61,428.46,50.83,40.66,88.7065,-4.6903,0.8,-3.27,3.37,up
142,1,person,738.96,323.67,74.24,241.29,66.1601,0.2467,-0.2,-0.74,0.76,stationary
142,2,car,1155.33,373.66,328.58,158.29,196.2376,-0.4872,-0.01,0.01,0.01,stationary
142,3,person,653.24,319.11,89.41,251.95,74.716,0.6885,-1.14,-0.25,1.17,left
142,4,car,73.56,333.4,146.42,262.75,452.8432,1.0726,0.01,0.05,0.05,stationary
142,36,car,571.57,407.67,96.36,61.83,101.0139,0.4616,-0.09,0.01,0.09,stationary
142,48,car,815.24,415.67,55.12,36.38,55.2126,-0.5649,-0.03,-0.04,0.05,stationary
142,57,skateboard,666.85,427.32,51.34,41.33,87.4743,-1.2321,0.24,-1.14,1.16,up
143,1,person,737.98,322.41,74.0,237.87,56.9946,-9.1655,-0.98,-1.26,1.6,up
143,2,car,1155.33,373.7,328.48,158.26,189.3529,-6.8847,-0.0,0.04,0.04,stationary
143,3,person,652.33,318.87,89.07,251.49,70.6865,-4.0296,-0.92,-0.25,0.95,stationary
143,4,car,73.52,333.39,146.5,262.84,451.8146,-1.0286,-0.04,-0.01,0.04,stationary
143,36,car,571.45,407.67,96.15,61.85,100.0981,-0.9158,-0.12,-0.01,0.12,stationary
143,48,car,815.24,415.7,55.21,36.45,51.1531,-4.0595,-0.0,0.03,0.03,stationary
143,57,skateboard,661.56,424.93,57.31,46.34,84.5824,-2.8919,-5.29,-2.39,5.8,left
144,1,person,737.86,323.21,74.9,238.5,60.0806,3.086,-0.11,0.8,0.81,stationary
144,2,car,1155.32,373.73,328.37,158.22,194.8711,5.5182,-0.0,0.03,0.03,stationary
144,3,person,652.03,318.13,88.4,249.81,71.6803,0.9938,-0.3,-0.74,0.8,stationary
144,4,car,73.55,333.32,146.62,262.99,468.6611,16.8465,0.03,-0.07,0.08,stationary
144,36,car,571.48,407.66,95.95,61.86,102.0141,1.916,0.03,-0.01,0.03,stationary
144,48,car,815.3,415.69,55.18,36.44,49.4129,-1.7402,0.06,-0.01,0.06,stationary
145,1,person,737.63,325.03,76.18,240.99,60.7863,0.7057,-0.24,1.82,1.83,down
145,2,car,1155.3,373.77,328.12,158.09,195.7227,0.8515,-0.02,0.04,0.04,stationary
145,3,person,652.0,317.81,87.44,247.14,72.2396,0.5593,-0.03,-0.31,0.32,stationary
145,4,car,73.53,333.16,146.77,263.27,457.4943,-11.1669,-0.02,-0.17,0.17,stationary
145,36,car,571.94,407.8,94.55,60.99,103.2924,1.2784,0.46,0.14,0.48,stationary
145,48,car,815.33,415.74,55.16,36.4,50.568,1.1551,0.04,0.05,0.06,stationary
146,1,person,737.52,325.68,76.92,241.97,60.75,-0.0362,-0.1,0.65,0.66,stationary
146,2,car,1155.29,373.78,328.01,158.03,195.7242,0.0015,-0.01,0.01,0.02,stationary
146,3,person,652.04,317.68,87.09,246.15,72.3427,0.1031,0.04,-0.13,0.14,stationary
146,4,car,73.52,333.07,146.86,263.42,458.3804,0.8862,-0.0,-0.09,0.09,stationary
146,36,car,572.1,407.83,94.02,60.7,103.2209,-0.0715,0.16,0.03,0.16,stationary
146,48,car,815.34,415.76,55.18,36.4,50.7705,0.2025,0.01,0.02,0.02,stationary
147,1,person,735.93,327.12,76.56,240.71,68.5079,7.7578,-1.59,1.44,2.14,left
147,2,car,1155.26,373.78,328.16,158.11,200.078,4.3538,-0.03,-0.0,0.03,stationary
147,3,person,652.42,320.93,86.77,245.02,75.5626,3.2199,0.38,3.25,3.27,down
147,4,car,73.48,332.96,146.97,263.68,483.0324,24.652,-0.04,-0.1,0.11,stationary
147,36,car,572.24,407.78,93.91,60.64,104.9638,1.7428,0.14,-0.05,0.15,stationary
147,48,car,815.21,415.77,55.01,36.27,53.5,2.7295,-0.13,0.01,0.14,stationary
148,1,person,735.45,328.82,76.42,240.4,61.3267,-7.1812,-0.48,1.71,1.78,down
148,2,car,1155.29,373.76,328.1,158.08,200.5127,0.4347,0.03,-0.02,0.03,stationary
148,3,person,652.63,323.35,86.55,244.19,72.7029,-2.8597,0.22,2.42,2.43,down
148,4,car,73.42,333.01,146.83,263.45,436.5358,-46.4966,-0.06,0.04,0.07,stationary
148,36,car,572.59,407.69,94.11,60.75,103.287,-1.6767,0.36,-0.09,0.37,stationary
148,48,car,815.19,415.83,54.91,36.2,54.716,1.216,-0.02,0.05,0.06,stationary
149,1,person,735.25,329.47,76.35,240.35,61.1817,-0.145,-0.21,0.64,0.67,stationary
149,2,car,1155.3,373.76,328.06,158.06,200.0617,-0.4509,0.01,-0.0,0.01,stationary
149,3,person,652.75,324.25,86.52,243.91,72.4703,-0.2325,0.11,0.9,0.91,stationary
149,4,car,73.4,333.02,146.78,263.36,432.7342,-3.8016,-0.02,0.02,0.03,stationary
149,36,car,572.72,407.65,94.21,60.8,102.8631,-0.424,0.13,-0.03,0.13,stationary
149,48,car,815.18,415.84,54.86,36.16,54.7994,0.0834,-0.0,0.02,0.02,stationary
150,1,person,735.67,330.56,76.22,239.47,56.7869,-4.3948,0.42,1.09,1.17,down
150,2,car,1155.3,373.75,328.1,158.08,200.2143,0.1525,0.0,-0.01,0.01,stationary
150,3,person,652.99,323.16,85.29,239.71,70.5957,-1.8746,0.25,-1.09,1.12,up
150,4,car,73.39,332.88,146.78,263.55,414.046,-18.6881,-0.01,-0.14,0.14,stationary
150,36,car,572.45,407.71,94.07,60.68,97.5769,-5.2862,-0.27,0.05,0.28,stationary
150,48,car,815.19,415.81,54.92,36.2,52.3717,-2.4277,0.01,-0.03,0.03,stationary
151,1,person,736.48,330.61,75.92,237.32,56.5373,-0.2496,0.81,0.05,0.82,stationary
151,2,car,1155.32,373.77,327.96,158.0,192.2693,-7.9449,0.02,0.02,0.03,stationary
151,3,person,653.35,323.23,84.8,237.34,73.2542,2.6585,0.36,0.07,0.37,stationary
151,4,car,73.41,332.99,146.71,263.26,429.4587,15.4127,0.03,0.12,0.12,stationary
151,36,car,572.47,407.68,94.2,60.74,101.9248,4.3479,0.02,-0.02,0.03,stationary
151,48,car,815.22,415.8,55.0,36.25,48.6802,-3.6915,0.03,-0.01,0.03,stationary
152,1,person,736.67,330.64,76.0,236.62,56.6891,0.1518,0.18,0.03,0.18,stationary
152,2,car,1155.33,373.77,327.97,158.0,191.9625,-0.3069,0.01,0.0,0.01,stationary
152,3,person,653.5,323.22,84.8,236.47,73.1555,-0.0987,0.14,-0.02,0.15,stationary
152,4,car,73.44,333.04,146.67,263.17,428.4031,-1.0556,0.03,0.04,0.05,stationary
152,36,car,572.47,407.67,94.25,60.76,101.9718,0.0471,0.0,-0.01,0.01,stationary
152,48,car,815.22,415.8,55.01,36.27,48.4639,-0.2163,0.0,-0.0,0.01,stationary
153,1,person,735.0,330.97,74.55,231.94,60.1729,3.4838,-1.67,0.33,1.7,left
153,2,car,1155.32,373.73,328.25,158.16,193.2318,1.2693,-0.01,-0.05,0.05,stationary
153,3,person,654.46,326.02,85.03,236.37,80.7954,7.6399,0.96,2.8,2.96,down
153,4,car,73.47,333.03,146.63,263.04,410.638,-17.765,0.03,-0.01,0.03,stationary
153,36,car,572.53,407.56,94.65,60.95,107.2734,5.3016,0.06,-0.11,0.13,stationary
153,48,car,815.15,415.78,54.83,36.12,57.0711,8.6072,-0.08,-0.01,0.08,stationary
154,1,person,734.44,331.82,73.73,229.34,67.1769,7.0039,-0.56,0.85,1.02,stationary
154,2,car,1155.3,373.72,327.96,158.0,191.2373,-1.9945,-0.03,-0.01,0.03,stationary
154,3,person,654.84,327.69,85.44,236.96,86.583,5.7876,0.38,1.67,1.72,down
154,4,car,73.5,332.98,146.75,263.24,410.6935,0.0555,0.02,-0.04,0.05,stationary
154,36,car,571.99,407.47,95.19,61.26,110.5166,3.2432,-0.54,-0.09,0.55,stationary
154,48,car,815.29,415.8,54.87,36.12,60.3727,3.3016,0.15,0.02,0.15,stationary
155,1,person,734.26,332.09,73.44,228.44,66.9675,-0.2094,-0.19,0.27,0.33,stationary
155,2,car,1155.29,373.72,327.85,157.93,191.7516,0.5143,-0.01,-0.0,0.01,stationary
155,3,person,655.01,328.24,85.72,237.16,86.1143,-0.4686,0.17,0.55,0.57,stationary
155,4,car,73.5,332.96,146.8,263.32,411.4308,0.7373,0.01,-0.02,0.02,stationary
155,36,car,571.79,407.44,95.45,61.38,110.2201,-0.2965,-0.2,-0.03,0.2,stationary
155,48,car,815.31,415.8,54.9,36.11,60.1877,-0.185,0.01,0.0,0.01,stationary
156,1,person,733.76,332.8,72.95,227.05,66.32,-0.6475,-0.49,0.71,0.87,stationary
156,2,car,1155.29,373.62,328.13,158.08,192.7516,1.0,0.01,-0.1,0.1,stationary
156,3,person,654.87,328.24,85.72,236.7,85.3851,-0.7292,-0.14,-0.0,0.14,stationary
156,4,car,73.48,333.06,146.66,263.01,417.4133,5.9825,-0.02,0.1,0.1,stationary
156,36,car,572.05,407.47,95.47,61.39,109.4103,-0.8097,0.26,0.03,0.26,stationary
156,48,car,815.24,415.82,54.87,36.09,58.786,-1.4017,-0.06,0.02,0.07,stationary
157,1,person,732.56,333.6,72.73,226.2,64.9458,-1.3742,-1.21,0.8,1.45,left
157,2,car,1155.28,373.61,328.1,158.06,184.7614,-7.9902,-0.01,-0.0,0.01,stationary
157,3,person,654.61,328.3,85.63,236.01,84.6769,-0.7082,-0.26,0.06,0.26,stationary
157,4,car,73.38,333.02,146.7,263.13,429.8787,12.4654,-0.1,-0.04,0.11,stationary
157,36,car,571.92,407.61,95.18,61.21,108.136,-1.2743,-0.13,0.14,0.19,stationary
157,48,car,815.33,415.86,54.98,36.14,57.4534,-1.3326,0.09,0.04,0.09,stationary
158,1,person,731.57,333.91,72.4,225.26,64.5941,-0.3517,-0.99,0.31,1.03,stationary
158,2,car,1155.29,373.58,328.17,158.1,183.9481,-0.8133,0.01,-0.03,0.03,stationary
158,3,person,654.18,327.96,85.0,233.38,88.9065,4.2297,-0.44,-0.34,0.56,stationary
158,4,car,73.4,333.12,146.66,263.04,440.4042,10.5255,0.02,0.1,0.1,stationary
158,36,car,572.09,407.56,95.44,61.38,114.5716,6.4356,0.17,-0.05,0.17,stationary
158,48,car,815.24,415.9,54.95,36.12,55.1345,-2.3188,-0.09,0.04,0.1,stationary
159,1,person,729.86,333.63,71.86,223.72,63.0432,-1.5509,-1.72,-0.29,1.74,left
159,2,car,1155.29,373.66,327.76,157.87,191.9323,7.9842,0.0,0.07,0.07,stationary
159,3,person,653.08,328.04,83.68,229.05,87.1353,-1.7713,-1.1,0.08,1.1,left
159,4,car,73.54,332.99,146.83,263.3,408.8763,-31.5278,0.14,-0.13,0.19,stationary
159,36,car,571.64,407.74,94.85,61.07,111.5834,-2.9882,-0.45,0.18,0.49,stationary
159,48,car,815.19,415.9,54.85,36.04,51.9046,-3.23,-0.05,-0.0,0.05,stationary
160,1,person,728.9,334.46,71.92,224.12,72.1997,9.1565,-0.96,0.83,1.27,stationary
160,2,car,1155.28,373.65,327.81,157.88,194.4559,2.5236,-0.01,-0.01,0.01,stationary
160,3,person,652.7,329.49,83.9,229.65,93.3703,6.235,-0.38,1.44,1.49,down
160,4,car,73.54,332.93,146.89,263.4,413.7537,4.8773,-0.0,-0.05,0.05,stationary
160,36,car,571.46,407.81,94.48,60.93,116.2316,4.6482,-0.17,0.07,0.18,stationary
160,48,car,815.07,415.88,54.83,36.02,56.367,4.4624,-0.12,-0.02,0.13,stationary
161,1,person,728.22,334.29,71.54,222.98,69.4599,-2.7398,-0.68,-0.16,0.7,stationary
161,2,car,1155.31,373.7,327.56,157.72,193.6538,-0.8021,0.03,0.05,0.06,stationary
161,3,person,652.64,330.46,83.86,229.73,92.875,-0.4953,-0.06,0.98,0.98,stationary
161,4,car,73.54,332.86,147.01,263.65,450.1588,36.4052,-0.0,-0.08,0.08,stationary
161,36,car,570.83,407.81,94.22,60.88,115.2827,-0.9489,-0.63,0.0,0.63,stationary
161,48,car,815.06,415.87,54.85,36.03,54.0014,-2.3656,-0.0,-0.02,0.02,stationary
162,1,person,727.95,334.2,71.41,222.65,69.4377,-0.0222,-0.27,-0.09,0.29,stationary
162,2,car,1155.32,373.73,327.7,157.78,194.4609,0.8071,0.01,0.03,0.03,stationary
162,3,person,652.57,330.82,83.88,229.92,92.3134,-0.5616,-0.07,0.36,0.37,stationary
162,4,car,73.53,332.84,147.04,263.72,453.5372,3.3784,-0.0,-0.01,0.01,stationary
162,36,car,570.39,407.82,93.94,60.84,115.0067,-0.2759,-0.44,0.01,0.44,stationary
162,48,car,815.08,415.85,54.89,36.05,54.1189,0.1175,0.01,-0.02,0.02,stationary
163,1,person,728.03,334.38,71.22,222.26,63.2202,-6.2175,0.08,0.18,0.2,stationary
163,2,car,1155.33,373.74,327.91,157.88,190.079,-4.3818,0.01,0.01,0.02,stationary
163,3,person,652.73,330.9,83.52,228.98,90.1461,-2.1673,0.16,0.07,0.18,stationary
163,4,car,73.46,332.81,146.92,263.71,472.7055,19.1683,-0.07,-0.04,0.08,stationary
163,48,car,815.04,415.83,54.9,36.07,49.3485,-4.7703,-0.04,-0.02,0.04,stationary
164,1,person,727.76,334.88,71.06,222.26,58.1814,-5.0388,-0.27,0.5,0.57,stationary
164,2,car,1155.34,373.8,327.84,157.84,191.4267,1.3476,0.01,0.05,0.05,stationary
164,3,person,652.94,331.3,83.26,228.71,86.6245,-3.5216,0.21,0.4,0.45,stationary
164,4,car,73.44,332.78,146.88,263.68,462.015,-10.6906,-0.02,-0.03,0.03,stationary
164,48,car,815.15,415.86,54.88,36.04,47.0395,-2.309,0.12,0.03,0.12,stationary
165,1,person,727.34,335.73,70.8,222.26,59.1082,0.9268,-0.41,0.86,0.95,stationary
165,2,car,1155.35,373.77,327.87,157.85,199.3452,7.9185,0.01,-0.03,0.03,stationary
165,3,person,653.15,332.32,82.28,226.75,82.9512,-3.6733,0.22,1.02,1.04,down
165,4,car,73.46,332.76,146.91,263.62,430.7184,-31.2966,0.02,-0.02,0.03,stationary
165,48,car,815.16,415.91,54.8,35.98,49.9883,2.9487,0.0,0.05,0.05,stationary
165,36,car,571.63,407.71,94.04,60.9,105.5794,-9.4274,1.24,-0.11,1.24,right
166,1,person,727.12,336.23,70.38,221.43,55.5212,-3.587,-0.22,0.5,0.54,stationary
166,2,car,1155.35,373.78,327.98,157.91,196.9927,-2.3525,0.0,0.0,0.0,stationary
166,3,person,652.7,332.03,80.99,223.71,82.2632,-0.688,-0.46,-0.29,0.54,stationary
166,4,car,73.43,332.76,146.86,263.62,434.4998,3.7814,-0.03,-0.0,0.03,stationary
166,48,car,815.11,415.93,54.85,35.95,46.7653,-3.2229,-0.05,0.03,0.06,stationary
166,36,car,571.92,407.62,94.46,61.12,104.7712,-0.8082,0.29,-0.09,0.31,stationary
167,1,person,726.88,336.39,69.7,219.78,59.5977,4.0765,-0.24,0.16,0.29,stationary
167,2,car,1155.35,373.76,328.02,157.92,193.6279,-3.3648,-0.0,-0.01,0.01,stationary
167,3,person,652.4,331.72,80.01,220.8,84.0818,1.8186,-0.3,-0.31,0.43,stationary
167,4,car,73.47,332.79,146.85,263.55,442.1067,7.6069,0.04,0.02,0.05,stationary
167,48,car,815.06,415.92,55.02,36.01,49.4675,2.7021,-0.04,-0.02,0.05,stationary
167,36,car,572.15,407.62,94.64,61.16,105.8295,1.0583,0.23,-0.01,0.23,stationary
168,1,person,726.68,336.37,69.35,219.22,60.3964,0.7987,-0.2,-0.02,0.2,stationary
168,2,car,1155.37,373.71,328.0,157.91,193.0594,-0.5685,0.02,-0.05,0.05,stationary
168,3,person,652.27,331.59,79.74,219.86,83.3314,-0.7504,-0.13,-0.13,0.18,stationary
168,4,car,73.56,332.79,146.94,263.7,428.8234,-13.2833,0.09,0.0,0.09,stationary
168,48,car,815.22,415.9,55.06,35.97,52.4993,3.0318,0.16,-0.01,0.16,stationary
168,36,car,572.2,407.55,94.7,61.11,104.6218,-1.2077,0.05,-0.06,0.08,stationary
169,1,person,726.77,335.86,68.44,216.38,63.9441,3.5477,0.09,-0.51,0.52,stationary
169,2,car,1155.37,373.65,328.13,157.98,197.0514,3.992,-0.0,-0.06,0.06,stationary
169,3,person,653.65,332.36,79.03,218.36,84.7788,1.4474,1.38,0.77,1.58,right
169,4,car,73.47,332.81,146.94,263.77,421.5601,-7.2632,-0.09,0.02,0.1,stationary
169,48,car,815.32,415.88,55.15,36.0,57.1908,4.6915,0.1,-0.02,0.1,stationary
169,36,car,572.73,407.57,94.67,60.93,104.6304,0.0086,0.53,0.01,0.53,stationary
170,1,person,726.9,335.74,68.13,215.4,62.5132,-1.4309,0.13,-0.12,0.17,stationary
170,2,car,1155.35,373.61,328.33,158.09,199.215,2.1635,-0.01,-0.04,0.04,stationary
170,3,person,653.98,332.71,78.79,218.05,83.8687,-0.91,0.33,0.35,0.48,stationary
170,4,car,73.42,332.78,146.84,263.9,431.7596,10.1995,-0.05,-0.03,0.06,stationary
170,48,car,815.26,415.84,55.27,36.07,57.2521,0.0613,-0.06,-0.04,0.07,stationary
170,36,car,572.98,407.59,94.79,60.87,104.2239,-0.4065,0.25,0.02,0.25,stationary
171,1,person,727.36,336.25,67.94,214.3,62.9264,0.4132,0.47,0.51,0.7,stationary
171,2,car,1155.35,373.61,328.29,158.09,198.1802,-1.0348,0.0,-0.0,0.0,stationary
171,3,person,654.44,333.71,78.53,218.03,85.1304,1.2617,0.46,1.0,1.1,down
171,4,car,73.42,332.78,146.84,263.94,434.3876,2.628,-0.0,-0.0,0.0,stationary
171,48,car,815.26,415.84,55.27,36.05,57.325,0.0729,-0.01,-0.01,0.01,stationary
171,36,car,573.24,407.6,94.91,60.8,106.5025,2.2786,0.26,0.01,0.26,stationary
172,1,person,727.85,337.67,67.48,211.82,62.6312,-0.2952,0.49,1.42,1.5,down
172,2,car,1155.37,373.64,328.03,157.95,195.3199,-2.8603,0.02,0.03,0.04,stationary
172,3,person,654.59,336.07,77.45,214.85,85.3421,0.2116,0.15,2.36,2.36,down
172,4,car,73.41,332.84,146.81,264.1,426.7921,-7.5955,-0.01,0.06,0.06,stationary
172,48,car,815.3,415.79,55.11,35.9,57.2473,-0.0777,0.04,-0.05,0.07,stationary
172,36,car,573.0,407.65,94.66,60.51,106.2879,-0.2146,-0.24,0.04,0.24,stationary
173,1,person,728.06,338.03,67.05,209.49,63.5887,0.9575,0.2,0.36,0.41,stationary
173,2,car,1155.37,373.6,328.26,158.08,188.2182,-7.1017,0.01,-0.04,0.04,stationary
173,3,person,654.55,338.12,76.95,213.01,86.8171,1.475,-0.04,2.05,2.05,down
173,4,car,73.38,332.85,146.75,264.2,431.3609,4.5688,-0.03,0.02,0.03,stationary
173,48,car,815.44,415.77,55.17,35.87,57.3502,0.1029,0.15,-0.02,0.15,stationary
173,36,car,572.68,407.61,94.66,60.43,107.5511,1.2631,-0.32,-0.04,0.32,stationary
174,1,person,728.17,338.07,67.04,208.48,66.0126,2.424,0.11,0.04,0.12,stationary
174,2,car,1155.36,373.62,328.17,158.04,187.442,-0.7762,-0.01,0.02,0.02,stationary
174,3,person,654.44,338.77,76.86,212.35,89.1974,2.3803,-0.11,0.65,0.66,stationary
174,4,car,73.35,332.88,146.69,264.17,429.3491,-2.0118,-0.03,0.02,0.04,stationary
174,48,car,815.46,415.73,55.14,35.79,59.4387,2.0885,0.02,-0.04,0.04,stationary
174,36,car,572.63,407.57,94.69,60.37,109.7837,2.2326,-0.05,-0.04,0.06,stationary
175,1,person,727.99,338.31,66.99,207.45,61.1658,-4.8468,-0.18,0.24,0.3,stationary
175,2,car,1155.35,373.61,328.11,158.02,186.1879,-1.2541,-0.01,-0.01,0.01,stationary
175,3,person,654.18,339.05,76.8,211.54,87.2017,-1.9957,-0.27,0.28,0.38,stationary
175,4,car,73.34,332.96,146.68,263.9,439.7018,10.3528,-0.01,0.09,0.09,stationary
175,48,car,815.4,415.71,55.18,35.8,55.2002,-4.2385,-0.06,-0.02,0.07,stationary
175,36,car,572.88,407.55,94.88,60.43,109.4941,-0.2896,0.25,-0.02,0.25,stationary
176,1,person,728.09,338.45,67.18,207.12,63.341,2.1751,0.1,0.14,0.17,stationary
176,2,car,1155.33,373.53,328.41,158.18,180.8861,-5.3018,-0.03,-0.08,0.08,stationary
176,3,person,654.08,339.0,77.11,211.81,89.8727,2.671,-0.1,-0.05,0.11,stationary
176,4,car,73.35,332.88,146.71,264.05,428.4982,-11.2036,0.01,-0.08,0.08,stationary
176,48,car,815.41,415.62,55.26,35.86,57.1245,1.9243,0.01,-0.09,0.09,stationary
176,36,car,572.89,407.57,94.97,60.44,113.1623,3.6682,0.01,0.02,0.02,stationary
177,1,person,727.5,339.0,67.25,206.92,65.2168,1.8758,-0.59,0.55,0.81,stationary
177,2,car,1155.31,373.63,328.1,158.02,188.4231,7.537,-0.02,0.1,0.1,stationary
177,3,person,652.64,337.63,76.83,210.76,84.6409,-5.2318,-1.43,-1.37,1.98,left
177,4,car,73.34,332.77,146.67,264.31,445.0043,16.5061,-0.02,-0.11,0.11,stationary
177,48,car,815.43,415.58,55.4,35.97,61.0886,3.9641,0.02,-0.04,0.05,stationary
177,36,car,572.7,407.65,95.04,60.49,112.5447,-0.6176,-0.19,0.08,0.2,stationary
178,1,person,727.39,339.3,67.47,206.97,61.0206,-4.1962,-0.11,0.3,0.32,stationary
178,2,car,1155.28,373.71,327.55,157.7,186.9982,-1.4249,-0.03,0.08,0.08,stationary
178,3,person,652.55,337.41,76.73,209.94,82.3742,-2.2667,-0.09,-0.22,0.24,stationary
178,4,car,73.24,333.01,146.48,263.76,466.8159,21.8116,-0.09,0.24,0.26,stationary
178,48,car,815.4,415.55,55.34,35.92,57.9527,-3.1358,-0.03,-0.02,0.04,stationary
178,36,car,572.74,407.71,95.0,60.44,110.7437,-1.8011,0.04,0.06,0.08,stationary
179,1,person,727.38,339.41,67.69,207.06,60.9087,-0.1119,-0.01,0.12,0.12,stationary
179,2,car,1155.29,373.78,327.29,157.52,186.133,-0.8652,0.02,0.07,0.07,stationary
179,3,person,652.37,337.35,76.84,209.89,83.1838,0.8097,-0.19,-0.06,0.19,stationary
179,4,car,73.3,333.09,146.46,263.59,446.9243,-19.8916,0.06,0.08,0.1,stationary
179,48,car,815.32,415.55,55.29,35.89,56.9217,-1.031,-0.08,-0.0,0.08,stationary
179,36,car,572.78,407.76,94.82,60.28,111.802,1.0583,0.03,0.05,0.06,stationary
180,1,person,727.85,339.25,67.55,206.22,68.5118,7.6031,0.47,-0.16,0.5,stationary
180,2,car,1155.28,373.81,327.17,157.41,187.0024,0.8693,-0.01,0.03,0.03,stationary
180,3,person,654.26,337.14,77.56,209.96,87.0838,3.9,1.89,-0.21,1.9,right
180,4,car,73.29,333.03,146.52,263.72,457.4783,10.5541,-0.01,-0.06,0.06,stationary
180,48,car,815.48,415.55,55.39,35.93,58.1499,1.2282,0.16,0.0,0.16,stationary
180,36,car,572.61,407.8,94.86,60.32,112.1778,0.3758,-0.17,0.04,0.17,stationary
181,1,person,728.85,340.01,67.51,206.22,64.0241,-4.4877,1.01,0.76,1.26,right
181,2,car,1155.27,373.88,327.13,157.33,196.3681,9.3657,-0.01,0.07,0.08,stationary
181,3,person,655.66,337.73,77.77,207.96,82.0288,-5.055,1.4,0.59,1.52,right
181,4,car,73.28,332.97,146.56,263.83,444.5939,-12.8844,-0.01,-0.06,0.06,stationary
181,48,car,815.51,415.57,55.36,35.88,55.7417,-2.4082,0.04,0.02,0.04,stationary
181,36,car,572.31,407.84,94.83,60.28,106.8931,-5.2847,-0.29,0.04,0.3,stationary
182,1,person,729.13,340.24,67.44,206.2,64.9444,0.9203,0.28,0.23,0.37,stationary
182,2,car,1155.23,373.9,327.34,157.38,194.3985,-1.9696,-0.04,0.01,0.04,stationary
182,3,person,656.55,338.77,78.7,208.74,83.7861,1.7573,0.88,1.04,1.36,down
182,4,car,73.24,332.98,146.48,263.77,461.1382,16.5443,-0.04,0.01,0.04,stationary
182,48,car,815.63,415.54,55.45,35.9,58.0832,2.3415,0.12,-0.03,0.12,stationary
182,36,car,572.14,407.84,94.87,60.29,108.5112,1.6181,-0.18,0.0,0.18,stationary
183,1,person,729.84,341.39,67.69,206.67,67.2063,2.262,0.71,1.14,1.35,down
183,2,car,1155.25,373.92,327.56,157.46,191.5232,-2.8752,0.02,0.03,0.03,stationary
183,3,person,658.02,339.45,79.05,208.39,84.335,0.5489,1.48,0.68,1.63,right
183,4,car,73.23,332.96,146.47,263.84,432.5544,-28.5838,-0.01,-0.01,0.01,stationary
183,48,car,815.57,415.55,55.43,35.86,55.4903,-2.5928,-0.06,0.01,0.06,stationary
183,36,car,572.37,407.83,95.05,60.37,104.9117,-3.5994,0.23,-0.01,0.23,stationary
184,1,person,730.7,342.18,67.8,206.34,69.5027,2.2964,0.86,0.8,1.17,stationary
184,2,car,1155.25,373.9,327.76,157.54,194.1069,2.5837,-0.0,-0.02,0.02,stationary
184,3,person,659.09,339.64,79.34,208.3,85.8166,1.4816,1.06,0.19,1.08,right
184,4,car,73.24,332.93,146.48,263.91,434.2449,1.6905,0.01,-0.03,0.03,stationary
184,48,car,815.72,415.54,55.6,35.92,56.8645,1.3741,0.15,-0.01,0.15,stationary
184,36,car,572.27,407.84,95.06,60.33,106.4155,1.5038,-0.09,0.02,0.1,stationary
185,1,person,731.01,342.42,67.61,205.07,71.0511,1.5483,0.31,0.24,0.39,stationary
185,2,car,1155.25,373.93,327.69,157.47,202.3601,8.2532,0.0,0.03,0.03,stationary
185,3,person,659.94,340.02,79.35,207.64,88.2311,2.4146,0.86,0.38,0.94,stationary
185,4,car,73.24,332.92,146.47,263.92,458.8729,24.6279,-0.01,-0.02,0.02,stationary
185,48,car,815.63,415.55,55.55,35.86,55.3208,-1.5436,-0.09,0.01,0.09,stationary
185,36,car,572.54,407.77,95.37,60.45,109.9864,3.5709,0.27,-0.07,0.28,stationary
186,1,person,731.03,342.58,67.7,204.8,69.49,-1.5611,0.02,0.15,0.15,stationary
186,2,car,1155.25,373.87,328.15,157.7,200.2717,-2.0884,-0.0,-0.06,0.06,stationary
186,3,person,660.22,340.15,79.49,207.48,87.7467,-0.4845,0.28,0.13,0.31,stationary
186,4,car,73.19,333.07,146.35,263.63,439.6659,-19.2069,-0.05,0.15,0.16,stationary
186,48,car,815.59,415.58,55.48,35.77,54.6037,-0.7172,-0.04,0.03,0.05,stationary
186,36,car,572.56,407.73,95.51,60.48,109.6799,-0.3065,0.02,-0.04,0.04,stationary
187,1,person,731.02,342.48,67.29,203.44,70.5585,1.0685,-0.01,-0.1,0.1,stationary
187,2,car,1155.24,373.93,327.92,157.56,207.8203,7.5485,-0.01,0.07,0.07,stationary
187,3,person,660.99,340.33,79.36,206.6,89.5192,1.7725,0.77,0.17,0.79,stationary
187,4,car,73.13,333.14,146.21,263.38,430.6317,-9.0343,-0.06,0.07,0.09,stationary
187,48,car,815.62,415.6,55.45,35.71,56.4022,1.7985,0.03,0.02,0.03,stationary
187,36,car,572.59,407.71,95.76,60.57,109.8773,0.1974,0.03,-0.02,0.04,stationary
188,1,person,731.86,343.14,66.85,202.02,70.9905,0.432,0.84,0.66,1.07,stationary
188,2,car,1155.25,373.95,327.97,157.57,202.3731,-5.4471,0.02,0.02,0.02,stationary
188,3,person,662.28,341.26,78.97,204.65,89.5667,0.0475,1.29,0.94,1.59,right
188,4,car,73.17,333.08,146.27,263.49,412.7176,-17.914,0.04,-0.05,0.06,stationary
188,48,car,815.41,415.64,55.43,35.71,58.3865,1.9843,-0.21,0.04,0.21,stationary
188,36,car,572.01,407.49,97.2,61.57,108.9528,-0.9245,-0.58,-0.22,0.62,stationary
189,1,person,731.5,344.32,65.47,199.22,58.85,-12.1406,-0.37,1.18,1.24,down
189,2,car,1155.26,373.97,328.03,157.59,196.7283,-5.6449,0.01,0.02,0.02,stationary
189,3,person,663.66,342.75,78.63,203.14,81.9102,-7.6565,1.38,1.49,2.03,down
189,4,car,73.19,333.06,146.31,263.57,404.7859,-7.9318,0.02,-0.02,0.03,stationary
189,48,car,815.5,415.62,55.45,35.72,57.5699,-0.8166,0.09,-0.02,0.09,stationary
189,36,car,571.87,407.44,97.76,61.99,104.0337,-4.9191,-0.14,-0.05,0.15,stationary
190,1,person,731.27,344.79,64.74,198.19,59.2795,0.4296,-0.22,0.47,0.52,stationary
190,2,car,1155.31,373.93,327.96,157.54,191.7599,-4.9684,0.05,-0.04,0.06,stationary
190,3,person,664.16,343.25,78.62,202.53,81.2517,-0.6586,0.5,0.51,0.71,stationary
190,4,car,73.19,332.97,146.39,263.82,396.7477,-8.0382,0.0,-0.09,0.09,stationary
190,48,car,815.78,415.69,55.61,35.76,56.5836,-0.9863,0.28,0.07,0.29,stationary
190,36,car,571.74,407.4,97.96,62.18,102.8671,-1.1666,-0.14,-0.04,0.14,stationary
