frame,track_id,class,center_x,center_y,width,height
1,1,person,340.24,316.97,416.66,325.1
1,2,person,589.94,310.41,99.21,337.08
2,1,person,247.18,310.0,434.35,338.87
2,2,person,550.21,314.73,98.53,328.5
3,1,person,231.33,308.12,438.74,342.32
3,2,person,543.11,315.6,100.69,326.77
4,1,person,228.27,306.62,442.39,345.37
4,2,person,541.57,315.52,104.13,327.04
5,1,person,226.82,306.21,443.32,346.13
5,2,person,541.47,315.49,108.09,327.12
6,1,person,226.05,306.52,442.65,345.56
6,2,person,541.62,315.48,112.5,327.26
7,1,person,223.28,306.04,444.38,346.57
7,2,person,541.94,315.42,117.13,327.28
8,1,person,223.27,304.55,446.55,349.36
8,2,person,542.08,315.47,121.94,327.29
9,1,person,224.2,303.25,448.4,351.95
9,2,person,542.03,314.77,127.31,328.8
10,1,person,224.77,302.86,449.55,353.69
10,2,person,542.22,314.45,132.29,329.45
11,1,person,225.21,302.99,450.43,353.69
11,2,person,542.24,314.13,137.12,329.99
12,1,person,225.12,302.68,450.24,353.55
12,2,person,542.66,313.27,142.14,331.82
13,1,person,225.38,303.08,450.76,352.32
13,2,person,543.58,311.97,146.99,334.42
14,1,person,225.94,303.17,450.09,352.0
14,2,person,543.75,308.95,152.89,340.37
15,1,person,226.27,303.22,449.59,351.84
15,2,person,543.84,307.82,156.97,342.58
16,1,person,226.8,302.91,449.45,352.35
16,2,person,543.96,307.37,160.28,343.48
17,1,person,226.01,302.89,448.71,352.39
17,2,person,543.97,307.25,163.14,343.86
18,1,person,226.98,302.69,448.45,352.83
18,2,person,543.64,306.5,166.58,345.98
19,1,person,226.15,302.71,447.85,352.72
19,2,person,544.12,306.17,168.78,346.19
20,1,person,227.28,302.89,446.74,352.37
20,2,person,544.22,306.51,170.36,345.31
21,1,person,227.54,303.23,445.8,351.71
21,2,person,544.81,306.67,172.2,345.64
22,1,person,227.34,302.81,446.5,352.59
22,2,person,545.17,305.85,174.54,347.66
23,1,person,226.86,302.99,445.79,352.24
23,2,person,544.65,305.29,176.46,348.73
24,1,person,226.5,303.15,446.74,352.96
24,2,person,543.67,305.17,178.06,348.92
25,1,person,227.16,303.28,445.01,352.17
25,2,person,542.69,305.27,179.44,348.57
26,1,person,228.06,302.57,445.77,353.31
26,2,person,542.12,305.43,180.74,348.18
27,1,person,230.34,303.04,443.82,352.33
27,2,person,542.17,305.62,181.76,347.66
28,1,person,230.88,304.22,440.75,350.04
28,2,person,542.21,307.16,181.66,344.79
29,1,person,230.31,303.39,442.63,351.81
29,2,person,542.29,305.56,184.26,348.01
30,1,person,230.59,303.48,442.15,351.67
30,2,person,542.23,305.09,185.62,348.92
31,1,person,230.46,304.76,438.87,349.1
31,2,person,541.63,306.5,185.29,346.0
32,1,person,229.88,304.44,439.49,349.71
32,2,person,540.97,305.1,187.71,348.77
33,1,person,232.63,306.6,433.9,345.29
33,2,person,540.8,307.97,185.7,342.39
34,1,person,233.12,307.27,432.07,344.02
34,2,person,541.12,309.7,185.44,339.67
35,1,person,232.74,306.23,435.02,346.84
35,2,person,542.28,308.31,187.48,342.52
36,1,person,235.21,306.27,434.67,347.0
36,2,person,542.34,308.42,187.71,341.72
37,1,person,234.75,305.47,435.76,348.53
37,2,person,541.82,307.1,189.47,343.89
38,1,person,234.86,307.4,431.1,344.96
38,2,person,541.51,309.05,188.23,339.91
39,1,person,231.34,307.58,431.03,344.49
39,2,person,539.13,307.77,190.79,342.46
40,1,person,232.15,308.71,428.49,342.27
40,2,person,538.39,308.59,191.07,340.74
41,1,person,231.67,309.14,427.22,340.92
41,2,person,537.85,309.54,191.39,339.02
42,1,person,226.84,311.57,423.73,336.6
42,2,person,536.5,310.0,192.41,338.13
43,1,person,224.62,312.11,424.23,335.59
43,2,person,535.55,309.93,194.0,338.34
44,1,person,219.67,310.97,427.22,337.49
44,2,person,534.81,309.42,195.95,339.37
45,1,person,216.24,305.62,432.48,347.96
45,2,person,528.09,305.45,203.2,347.79
46,1,person,209.21,295.15,418.41,368.66
46,2,person,500.11,304.81,213.82,349.41
47,1,person,189.57,294.38,379.15,369.84
47,2,person,475.98,311.69,219.12,335.28
48,1,person,173.33,289.52,346.66,378.81
48,2,person,414.63,316.6,222.62,325.89
49,1,person,153.33,284.7,306.66,387.15
49,2,person,344.85,324.46,220.6,310.5
49,5,person,551.57,344.04,103.22,270.91
50,1,person,141.72,279.99,283.44,396.13
50,2,person,310.69,325.87,224.93,307.59
50,5,person,540.66,343.66,105.5,271.72
51,1,person,128.08,276.19,256.16,403.85
51,2,person,270.6,328.84,227.54,301.67
51,5,person,522.94,342.5,110.18,273.88
52,2,person,233.02,332.13,228.89,294.96
52,5,person,505.5,341.53,117.03,275.91
53,2,person,203.04,333.91,231.63,291.45
53,5,person,489.58,340.28,126.41,278.43
53,6,person,48.2,276.67,96.41,404.3
54,2,person,189.57,334.96,234.75,289.27
54,5,person,482.42,340.12,136.18,278.88
54,6,person,46.69,274.34,93.38,410.18
55,2,person,162.74,334.81,239.77,289.68
55,5,person,470.75,340.45,147.61,278.15
56,2,person,137.18,332.1,246.5,294.97
56,5,person,450.07,340.83,160.41,277.34
57,2,person,116.59,331.13,233.19,296.81
57,5,person,402.79,345.44,168.02,268.32
58,2,person,110.53,330.2,221.07,298.86
58,5,person,378.63,347.45,178.17,264.44
59,2,person,106.97,331.57,213.93,295.84
59,5,person,355.29,352.85,180.62,253.41
59,7,chair,589.67,447.44,75.84,64.41
60,2,person,110.36,329.64,220.72,299.72
60,5,person,358.61,354.02,188.55,250.99
60,7,chair,587.16,446.05,79.44,67.27
61,2,person,113.75,330.59,227.49,297.95
61,5,person,358.64,357.54,190.35,244.24
61,7,chair,590.86,449.72,71.43,59.93
62,2,person,118.68,329.04,237.37,301.06
62,5,person,366.89,357.07,197.98,245.31
62,7,chair,590.99,448.06,75.71,63.14
63,2,person,121.08,328.53,242.17,302.01
63,5,person,367.42,357.18,203.5,245.14
63,7,chair,590.77,448.41,75.68,62.51
64,2,person,124.93,329.76,245.09,300.05
64,5,person,367.23,358.68,205.81,242.2
64,7,chair,591.45,449.79,73.18,59.64
65,2,person,129.13,329.45,248.2,300.95
65,5,person,367.82,358.92,209.71,241.77
65,7,chair,591.9,450.49,72.27,58.21
65,8,person,20.2,264.46,38.95,385.97
66,2,person,139.61,328.98,253.63,302.01
66,5,person,369.73,358.85,213.55,241.94
66,7,chair,590.91,449.81,74.71,59.57
66,8,person,19.29,262.49,38.59,383.75
67,2,person,151.1,329.16,259.33,301.16
67,5,person,370.23,359.19,216.26,241.25
67,7,chair,590.58,450.71,73.26,57.77
67,8,person,19.38,265.39,38.76,386.06
68,2,person,156.33,328.82,265.56,301.54
68,5,person,370.85,359.34,219.04,240.98
68,7,chair,590.5,450.92,73.49,57.37
68,8,person,19.07,265.49,38.13,389.61
69,2,person,157.1,329.34,269.79,300.53
69,5,person,369.18,361.49,217.61,236.67
69,7,chair,591.77,453.17,69.09,52.95
69,8,person,19.44,267.31,38.88,392.1
70,2,person,156.0,326.86,277.98,306.0
70,5,person,370.41,362.24,218.4,235.19
70,7,chair,592.38,454.1,68.17,51.25
70,8,person,19.96,265.84,39.3,389.94
71,2,person,150.52,326.34,280.73,307.24
71,5,person,371.57,363.74,217.79,232.15
71,7,chair,594.06,455.8,65.51,47.86
71,8,person,21.59,265.93,39.93,393.35
72,2,person,152.44,326.6,282.83,306.36
72,5,person,371.39,364.63,217.92,230.35
72,7,chair,593.99,456.56,65.1,46.4
72,8,person,22.97,266.21,40.88,398.79
73,2,person,146.14,328.14,280.75,303.11
73,5,person,361.79,365.88,216.6,227.71
73,8,person,27.29,266.18,42.17,399.89
74,2,person,142.34,326.57,283.34,306.1
74,5,person,348.38,365.12,219.34,229.32
75,2,person,140.52,324.15,281.05,310.71
75,5,person,336.6,363.47,223.28,232.52
75,8,person,33.83,248.45,45.36,410.04
76,2,person,135.31,325.43,270.63,308.12
76,5,person,328.42,364.36,221.53,230.7
76,13,chair,537.48,457.8,76.52,43.74
76,8,person,36.37,240.16,47.01,402.28
77,2,person,137.83,325.55,275.65,307.89
77,5,person,330.43,363.63,223.89,232.34
77,13,chair,537.42,456.25,82.15,46.97
77,8,person,39.42,239.96,50.57,409.54
78,2,person,136.85,326.3,273.69,306.44
78,5,person,330.13,364.18,223.23,231.14
78,13,chair,539.74,456.7,81.08,46.2
78,8,person,41.5,240.32,53.29,408.41
79,2,person,136.88,326.71,273.76,305.56
79,5,person,330.72,364.68,223.04,230.3
79,13,chair,537.54,456.9,80.59,45.85
79,8,person,42.35,242.49,56.04,408.89
80,2,person,140.05,322.45,280.09,314.66
80,5,person,332.77,360.74,231.17,238.21
80,8,person,40.38,231.41,57.54,405.99
81,2,person,138.62,321.35,277.25,317.16
81,5,person,333.45,359.34,234.52,240.95
81,8,person,39.31,230.62,59.64,409.75
81,16,tie,213.29,439.49,91.64,80.64
81,13,chair,532.45,450.91,99.84,57.53
82,2,person,140.76,319.54,281.53,320.79
82,5,person,338.41,357.46,239.87,244.7
82,8,person,38.14,225.81,60.37,405.38
82,16,tie,209.81,438.1,94.39,83.42
82,13,chair,530.67,448.37,106.87,62.52
83,2,person,137.14,317.11,274.29,325.47
83,5,person,342.77,354.75,247.44,250.03
83,8,person,37.16,221.1,60.99,401.77
83,13,chair,527.61,444.9,116.43,69.46
84,2,person,149.4,297.21,298.81,364.7
84,5,person,352.08,336.3,284.17,287.02
84,8,person,32.73,191.01,56.81,370.31
85,2,person,144.43,291.64,288.86,374.84
85,5,person,351.03,332.05,292.2,295.32
85,8,person,29.15,195.58,58.3,388.77
85,20,chair,514.88,406.21,82.28,92.48
86,2,person,141.61,288.41,283.23,381.42
86,5,person,347.36,327.8,298.95,304.09
86,8,person,27.94,178.69,54.66,357.37
86,20,chair,513.98,400.51,80.95,90.99
87,2,person,145.26,273.33,290.51,411.66
87,5,person,345.85,314.78,320.18,329.87
87,8,person,26.78,160.34,49.73,320.68
87,20,chair,508.93,372.82,79.69,89.53
88,2,person,156.29,273.61,312.59,411.33
88,5,person,341.29,313.46,319.23,332.28
88,8,person,30.7,162.81,51.71,325.61
88,20,chair,505.01,371.74,80.49,90.31
89,2,person,146.66,277.77,293.31,402.2
89,5,person,337.42,316.97,311.28,325.42
89,8,person,30.69,166.97,53.63,333.95
89,20,chair,501.42,381.5,81.16,91.07
90,2,person,144.2,280.23,288.4,398.21
90,5,person,333.41,318.77,306.25,322.12
90,8,person,29.37,168.43,54.3,336.85
90,20,chair,501.04,385.22,81.16,91.11
91,2,person,149.75,282.14,299.51,394.17
91,5,person,332.3,319.78,302.59,320.06
91,8,person,24.94,154.73,49.66,309.45
91,20,chair,501.91,388.64,81.94,91.87
92,2,person,144.35,283.22,288.7,393.02
92,5,person,331.95,320.16,300.78,319.36
92,8,person,22.89,160.57,45.78,321.15
93,2,person,143.84,282.89,287.68,393.04
93,5,person,328.77,319.8,299.39,319.99
93,8,person,21.58,162.68,43.17,325.36
94,2,person,143.58,286.37,287.16,386.28
94,5,person,330.07,322.97,293.28,313.92
95,2,person,141.04,283.23,282.09,392.02
95,5,person,327.03,319.56,296.52,320.34
95,20,chair,488.86,377.9,76.87,85.83
96,2,person,142.21,277.98,284.41,402.99
96,5,person,315.8,314.82,303.42,329.9
97,2,person,143.62,276.53,287.25,405.69
97,5,person,315.28,313.35,302.74,332.85
98,2,person,138.96,272.69,277.92,412.08
98,5,person,310.4,310.57,304.7,338.22
99,2,person,140.54,266.93,281.07,423.01
99,5,person,311.65,304.9,309.0,349.22
99,27,laptop,514.22,393.31,224.71,173.03
100,2,person,140.16,263.05,280.33,431.38
100,5,person,313.2,300.81,311.03,357.54
100,27,laptop,512.11,388.28,236.49,182.46
100,29,chair,446.77,341.02,77.5,81.08
101,2,person,138.42,261.02,276.83,435.34
101,5,person,310.87,299.47,308.51,360.22
101,27,laptop,512.0,386.63,240.0,185.78
101,29,chair,447.78,343.62,81.07,84.83
102,2,person,135.95,262.93,271.9,431.45
102,5,person,314.84,301.37,301.48,356.88
102,27,laptop,513.39,389.84,231.61,179.75
102,29,chair,448.29,349.6,80.6,84.42
103,2,person,135.94,266.38,271.87,425.06
103,5,person,315.69,304.85,292.84,349.8
103,27,laptop,513.8,392.27,225.22,175.14
103,29,chair,450.53,361.56,91.99,96.83
104,2,person,135.47,276.33,270.95,406.2
104,5,person,318.22,314.36,276.59,331.04
104,27,laptop,515.5,400.99,203.46,157.74
104,29,chair,452.41,375.35,86.18,90.68
105,2,person,132.16,279.79,264.31,398.96
105,5,person,311.99,317.85,272.28,324.06
105,27,laptop,517.95,404.88,193.88,149.88
105,29,chair,453.99,379.23,83.3,87.61
105,34,person,197.43,280.12,383.03,399.16
106,2,person,134.79,281.5,267.27,395.4
106,5,person,310.75,319.64,269.8,320.62
106,27,laptop,519.24,405.54,192.53,148.46
106,29,chair,453.54,381.24,81.84,85.9
106,34,person,207.1,281.45,381.14,396.39
107,2,person,131.9,280.07,263.81,398.35
107,5,person,312.7,318.39,271.51,323.09
107,29,chair,453.57,377.13,80.35,84.46
107,34,person,211.83,282.76,379.95,393.86
108,2,person,138.57,280.79,268.37,396.53
108,5,person,310.48,319.5,270.8,320.88
108,29,chair,455.7,379.0,82.83,87.11
108,34,person,208.49,281.62,383.14,396.11
108,27,laptop,521.63,405.26,195.61,149.48
109,2,person,134.94,280.82,267.93,396.35
109,5,person,306.59,319.24,273.34,321.34
109,29,chair,455.33,378.3,83.06,87.55
109,34,person,215.07,281.29,385.94,396.79
109,27,laptop,521.95,404.01,200.75,151.97
110,2,person,131.88,280.34,263.76,397.9
110,5,person,306.96,319.52,275.33,320.9
110,29,chair,456.17,378.5,83.95,88.03
110,34,person,197.82,279.7,388.2,399.8
110,27,laptop,530.26,403.55,199.42,152.9
111,2,person,130.24,279.09,260.48,400.55
111,5,person,310.76,319.51,275.93,320.95
111,34,person,211.57,282.06,386.55,394.84
111,27,laptop,522.14,403.42,200.19,153.16
112,2,person,129.23,279.99,258.46,399.15
112,5,person,303.86,320.16,276.87,319.61
112,34,person,194.04,279.22,388.07,400.54
112,41,person,26.75,151.7,53.5,302.22
113,2,person,128.32,280.57,256.65,398.25
113,5,person,304.85,320.71,277.18,318.57
113,34,person,193.86,280.13,387.73,399.04
113,41,person,27.13,149.7,52.97,297.87
113,27,laptop,518.36,404.3,199.27,151.4
114,2,person,128.94,281.76,257.88,395.53
114,5,person,301.91,321.07,278.46,317.67
114,34,person,194.14,280.3,388.28,398.7
114,41,person,26.55,153.47,53.11,305.69
114,27,laptop,517.1,404.72,198.68,150.56
115,2,person,128.3,282.59,256.59,393.03
115,5,person,298.35,321.1,280.94,317.6
115,34,person,196.44,281.79,386.5,395.71
115,27,laptop,518.76,404.76,199.51,150.47
116,2,person,129.37,283.61,257.73,390.81
116,5,person,305.82,321.72,278.14,316.22
116,34,person,206.5,283.99,385.43,391.23
116,27,laptop,519.19,404.76,199.61,150.38
117,2,person,132.16,283.05,259.49,392.57
117,5,person,315.31,322.67,274.82,314.27
117,34,person,205.77,284.14,387.18,391.07
117,27,laptop,519.92,405.11,200.28,149.66
118,2,person,135.44,283.13,260.64,392.58
118,5,person,313.74,323.0,277.89,313.31
118,34,person,215.33,282.68,394.22,394.12
118,27,laptop,540.74,407.44,190.66,145.02
119,2,person,131.76,285.69,257.48,387.4
119,5,person,343.3,326.76,287.57,305.86
120,2,person,129.07,238.49,200.27,283.87
120,5,person,378.3,330.07,300.81,298.74
120,34,person,185.4,287.53,370.8,384.9
121,2,person,128.31,218.7,178.56,239.91
121,5,person,371.17,331.55,321.62,296.06
121,46,person,282.22,270.44,147.24,172.3
121,34,person,195.0,289.25,376.49,377.52
122,5,person,405.34,338.87,317.52,279.85
122,46,person,292.84,278.77,132.56,154.89
122,34,person,218.66,296.87,372.87,363.96
122,48,person,316.25,329.61,444.76,296.39
123,5,person,425.48,343.11,318.09,271.15
123,46,person,297.96,284.94,128.08,149.08
123,34,person,219.34,302.65,369.07,352.81
123,48,person,326.86,341.14,418.63,276.17
124,5,person,432.51,345.88,322.54,266.59
124,46,person,303.23,292.59,133.92,154.79
124,34,person,225.39,305.88,371.67,346.94
124,48,person,323.9,346.77,409.31,265.69
125,5,person,432.15,343.74,323.27,258.87
125,46,person,300.3,293.3,134.33,154.42
125,34,person,256.52,306.56,386.06,345.54
125,48,person,343.16,347.18,414.8,265.14
125,50,person,135.93,247.58,269.73,227.52
126,46,person,299.3,295.46,135.32,154.5
126,34,person,231.64,329.44,347.81,300.4
126,48,person,388.87,348.6,413.14,262.29
126,50,person,135.75,249.41,269.41,227.21
127,46,person,294.34,295.64,137.77,155.77
127,34,person,297.26,342.09,345.46,275.22
127,48,person,409.34,348.26,407.87,258.65
127,50,person,133.76,245.68,261.56,220.42
128,46,person,283.72,303.09,152.13,170.45
128,34,person,296.86,347.75,354.43,263.78
128,48,person,395.97,348.62,409.51,260.25
128,50,person,133.46,245.79,261.12,220.55
129,46,person,278.71,309.88,162.49,180.67
129,48,person,392.95,350.17,405.0,258.07
129,50,person,136.16,248.3,259.56,220.36
129,52,person,194.23,308.15,388.46,342.45
130,46,person,268.82,295.23,179.86,200.11
130,48,person,376.67,336.24,441.13,284.85
130,52,person,192.21,296.02,384.43,366.12
131,48,person,347.26,332.71,447.51,293.3
131,52,person,191.41,288.28,382.81,381.32
132,48,person,321.34,331.78,446.69,295.62
132,52,person,186.19,288.0,372.38,381.97
133,48,person,300.39,330.15,446.16,299.06
133,52,person,184.22,283.51,368.44,392.05
134,48,person,298.24,330.15,438.68,298.04
134,52,person,182.72,281.31,365.45,396.73
134,57,person,613.47,416.29,52.34,126.94
135,48,person,293.49,334.43,424.47,289.8
135,52,person,196.78,287.95,393.55,382.84
135,57,person,615.93,420.56,48.14,118.48
136,48,person,296.28,337.02,414.86,284.83
136,52,person,199.27,290.94,398.54,376.72
136,57,person,616.93,422.86,46.14,113.77
137,48,person,299.55,337.14,411.52,284.24
137,52,person,188.82,291.66,377.64,375.02
137,57,person,616.84,422.6,46.32,114.32
138,48,person,298.66,338.66,404.48,280.79
138,52,person,176.93,293.56,353.87,372.24
138,57,person,616.92,424.19,45.73,111.25
139,48,person,298.88,338.98,401.4,280.04
139,52,person,170.61,294.13,341.21,371.01
139,57,person,617.46,424.59,45.07,110.42
139,59,person,258.7,293.65,517.4,370.74
140,48,person,295.82,339.34,398.39,279.15
140,52,person,164.27,294.96,328.53,369.33
140,57,person,617.05,424.61,45.32,110.41
140,59,person,246.11,293.93,492.22,371.19
141,48,person,289.18,338.82,399.84,280.41
141,52,person,161.79,294.88,323.57,370.01
141,57,person,617.16,424.02,45.69,111.6
141,59,person,247.31,293.79,494.63,372.31
142,48,person,286.18,339.13,401.33,280.45
142,52,person,158.6,294.9,317.2,370.17
142,57,person,617.2,423.35,45.61,112.85
143,48,person,295.31,339.03,401.75,280.78
143,52,person,155.09,295.48,310.18,368.0
143,57,person,616.9,423.93,45.71,111.78
144,48,person,302.41,339.12,403.68,281.04
144,52,person,149.96,294.84,299.92,369.21
144,57,person,616.82,424.1,45.59,111.44
145,48,person,295.5,339.51,404.24,280.5
145,52,person,140.58,294.15,281.15,370.12
145,57,person,616.83,424.08,45.61,111.49
146,48,person,293.61,339.12,407.06,281.38
146,52,person,130.65,294.05,261.3,370.46
146,57,person,617.04,423.67,45.84,112.27
147,48,person,289.97,339.91,406.57,279.46
147,52,person,123.78,294.29,247.56,369.9
147,57,person,617.23,424.82,44.9,109.91
148,48,person,294.81,340.07,404.6,279.07
148,52,person,119.13,293.92,238.27,370.5
148,57,person,617.19,424.88,44.85,109.73
149,48,person,274.5,340.74,397.99,277.82
149,52,person,115.9,294.87,231.8,368.52
149,57,person,618.04,425.63,43.92,108.24
150,48,person,255.11,341.32,391.22,276.82
150,52,person,113.43,295.5,226.87,367.17
151,48,person,238.39,341.71,382.75,275.92
151,52,person,111.52,298.89,223.04,360.44
152,48,person,229.42,341.99,376.16,275.52
152,52,person,111.48,301.29,222.97,355.93
152,62,bottle,452.52,378.17,72.0,203.48
153,48,person,231.55,341.68,370.03,276.05
153,52,person,110.66,302.44,221.32,353.69
153,62,bottle,452.46,381.14,69.75,197.16
153,57,person,618.18,425.47,43.65,108.91
154,48,person,233.9,341.49,365.01,276.41
154,52,person,109.7,302.36,219.4,353.87
154,62,bottle,452.4,382.43,68.82,194.36
154,57,person,617.93,425.68,44.01,108.46
155,48,person,235.83,341.29,360.05,276.82
155,52,person,108.25,302.14,216.49,354.51
155,57,person,617.68,425.32,44.31,109.23
156,48,person,233.61,340.93,356.17,277.51
156,52,person,107.01,301.51,214.02,355.7
156,57,person,617.81,425.21,44.34,109.51
156,62,bottle,451.87,382.44,69.2,195.11
157,48,person,233.47,340.65,352.52,278.1
157,52,person,106.31,300.93,212.61,356.9
157,57,person,616.7,424.75,44.96,110.48
157,62,bottle,452.59,382.32,69.28,195.36
158,48,person,235.02,340.53,348.55,278.31
158,52,person,105.46,300.64,210.93,357.41
158,57,person,616.69,424.67,45.06,110.49
158,62,bottle,452.57,381.85,69.63,196.31
159,48,person,232.97,340.58,346.36,278.2
159,52,person,104.74,300.66,209.48,357.33
159,57,person,616.71,424.73,45.09,110.35
159,62,bottle,452.45,382.08,69.5,195.83
160,48,person,233.25,341.03,342.23,277.22
160,52,person,105.03,300.56,210.07,357.47
160,57,person,617.67,425.17,44.51,109.25
160,62,bottle,452.89,382.58,69.2,194.82
161,48,person,232.85,341.13,338.38,277.06
161,52,person,105.32,300.39,210.64,358.03
161,57,person,617.91,425.31,44.17,109.05
161,62,bottle,452.95,382.24,69.54,195.4
162,48,person,231.62,341.34,335.35,276.61
162,52,person,105.07,299.77,210.14,357.79
162,62,bottle,452.51,382.68,69.25,194.51
163,48,person,234.09,341.83,331.33,275.67
163,52,person,104.19,299.59,208.38,356.87
163,62,bottle,453.17,381.97,69.74,195.72
164,48,person,244.37,342.19,330.66,275.13
164,52,person,103.54,300.23,207.08,355.82
164,62,bottle,453.21,376.6,73.26,206.66
165,48,person,248.43,342.41,333.02,274.66
165,52,person,103.07,300.3,206.14,355.61
165,62,bottle,453.25,380.83,70.37,198.34
165,64,tie,81.05,429.15,50.03,100.97
166,48,person,249.37,342.03,332.98,275.37
166,52,person,101.98,299.94,203.96,356.43
166,64,tie,88.15,418.37,59.84,121.58
167,48,person,239.82,341.85,330.84,275.81
167,52,person,101.64,300.45,203.28,356.65
167,64,tie,87.77,423.7,54.8,111.56
167,62,bottle,453.14,382.8,69.13,194.16
168,48,person,233.07,348.08,314.97,263.43
168,52,person,99.74,307.85,199.48,341.86
168,62,bottle,454.73,369.07,77.54,220.88
169,48,person,239.93,347.44,313.71,264.66
169,52,person,99.3,307.4,198.6,342.85
169,62,bottle,455.35,380.56,70.04,198.09
170,48,person,240.58,350.87,303.97,257.93
170,52,person,97.72,308.08,195.44,342.05
170,62,bottle,455.84,388.86,65.35,181.43
171,48,person,239.97,352.01,299.91,255.57
171,52,person,97.12,307.46,194.24,343.32
171,62,bottle,456.53,391.77,64.1,175.32
172,48,person,250.89,349.1,305.47,261.22
172,52,person,97.49,301.45,194.98,355.62
172,62,bottle,455.78,390.82,65.47,177.46
173,48,person,270.41,349.77,308.19,259.92
173,52,person,97.53,299.06,195.07,360.59
174,48,person,283.21,348.49,315.91,262.55
174,52,person,98.05,297.02,196.1,365.14
174,70,cell phone,400.99,379.96,222.97,168.16
175,48,person,294.78,350.36,317.49,258.98
175,52,person,97.31,297.57,194.63,364.28
175,70,cell phone,409.04,373.54,234.21,177.45
175,71,remote,413.82,371.83,203.85,176.23
176,48,person,287.01,344.63,334.74,269.82
176,52,person,99.35,292.95,198.71,373.03
176,70,person,418.3,363.3,289.63,221.7
176,71,remote,410.01,339.09,202.22,175.23
177,48,person,293.83,338.84,348.47,281.18
177,52,person,104.88,287.2,209.77,384.51
178,48,person,319.64,339.02,340.72,280.93
178,52,person,122.83,289.7,215.27,379.06
178,70,person,395.36,342.62,355.55,271.46
179,48,person,337.16,326.19,316.54,270.19
179,52,person,161.2,288.88,229.78,380.58
179,70,person,388.31,333.96,372.38,287.54
180,52,person,166.33,294.96,233.52,368.6
180,70,person,385.6,336.65,361.89,282.0
180,71,remote,507.04,289.91,225.4,196.12
181,52,person,176.07,298.25,241.84,362.29
181,70,person,386.86,338.58,353.43,278.45
181,71,remote,515.92,287.81,227.91,199.14
182,52,person,177.13,304.48,245.16,350.04
182,70,person,390.89,343.92,337.2,268.15
182,71,remote,510.41,295.55,222.46,196.45
183,52,person,181.75,306.79,253.53,345.46
183,70,person,393.53,345.0,331.86,266.56
183,71,cell phone,512.84,300.69,220.95,196.16
184,52,person,183.73,306.91,263.74,345.23
184,70,person,392.77,345.42,327.77,266.17
184,71,book,513.54,302.15,221.96,198.28
185,52,person,184.02,308.75,270.78,341.65
185,70,person,395.85,347.28,321.32,262.57
185,71,cell phone,508.99,304.05,218.43,196.09
186,52,person,183.69,308.7,279.39,341.72
186,70,person,395.72,347.23,319.47,263.03
186,71,cell phone,501.64,306.97,219.47,198.56
187,52,person,177.51,309.34,284.66,340.55
187,70,person,394.33,347.66,316.13,262.38
187,71,remote,497.71,308.57,216.67,197.37
188,52,person,154.17,308.59,285.39,342.0
188,70,person,388.49,346.88,317.6,264.23
188,71,cell phone,488.58,314.59,224.7,207.8
189,52,person,146.48,308.37,285.55,342.32
189,70,person,395.83,346.99,316.33,263.46
189,71,cell phone,483.71,318.89,227.27,213.68
189,79,bottle,578.23,385.19,89.02,188.16
189,80,person,342.67,314.5,188.92,197.6
190,52,person,145.97,308.15,285.8,342.0
190,70,person,399.1,346.9,316.12,264.15
190,71,cell phone,476.3,319.0,220.12,207.7
190,79,bottle,579.61,385.33,88.94,188.06
190,80,person,343.06,317.35,193.93,203.02
191,52,person,146.4,309.12,285.63,340.7
191,70,person,404.06,347.58,314.61,262.92
191,71,cell phone,482.0,323.34,218.76,210.23
191,79,bottle,580.4,386.0,88.25,186.69
191,80,person,343.69,320.08,196.63,206.13
192,52,person,147.82,309.33,286.56,340.43
192,70,person,405.8,347.03,316.37,264.73
192,71,cell phone,480.92,323.09,221.78,217.76
192,80,person,343.72,320.6,200.48,210.81
193,52,person,148.64,309.95,286.98,339.45
193,70,person,411.94,347.45,316.84,264.23
193,71,cell phone,477.17,322.76,221.81,222.07
193,80,person,342.91,321.89,201.38,212.5
194,52,person,149.94,309.97,288.28,339.38
194,70,person,413.02,347.0,318.44,265.29
194,71,cell phone,477.47,317.86,227.74,230.47
194,80,person,341.17,323.81,205.32,218.27
195,52,person,151.77,310.09,289.48,338.81
195,70,person,410.92,347.34,316.37,264.74
195,71,cell phone,473.81,314.33,231.45,236.81
195,80,person,337.48,324.69,202.93,217.91
196,52,person,151.98,310.12,290.95,338.95
196,70,person,408.52,347.31,315.47,264.87
196,71,cell phone,472.14,312.33,231.83,239.6
196,80,person,336.17,322.72,197.69,214.02
197,52,person,150.99,310.24,291.71,338.73
197,70,person,409.96,343.59,321.26,271.92
197,71,cell phone,469.49,311.27,230.45,240.5
197,80,person,334.41,323.57,197.62,216.35
197,79,bottle,579.29,386.2,88.36,186.62
198,52,person,150.84,310.26,292.66,338.77
198,70,person,400.07,344.57,317.17,270.22
198,71,cell phone,466.99,311.1,228.17,240.27
198,80,person,333.15,323.25,196.69,217.77
198,81,person,18.2,191.64,36.4,311.96
198,79,bottle,578.7,385.72,88.84,187.53
199,52,person,151.16,311.04,292.18,336.86
199,70,person,396.35,345.77,312.14,267.57
199,71,cell phone,467.12,312.96,225.59,239.37
199,80,person,334.11,324.56,195.89,219.08
199,81,person,17.27,193.77,34.55,306.19
199,79,bottle,578.43,386.22,88.59,186.54
200,52,person,151.21,311.32,292.87,336.5
200,70,person,403.73,344.81,313.53,269.21
200,71,cell phone,467.17,312.05,220.78,235.45
200,80,person,336.02,326.45,195.84,221.19
200,81,person,16.71,194.97,33.42,301.07
201,52,person,152.87,312.13,293.03,334.89
201,70,person,398.41,345.5,310.69,268.27
201,71,cell phone,468.5,312.58,218.56,233.76
201,80,person,335.78,328.76,196.24,224.05
201,81,person,18.58,200.78,37.16,330.08
202,52,person,154.63,311.52,295.67,336.19
202,70,person,396.62,346.22,308.36,267.08
202,71,cell phone,469.17,315.38,219.43,235.72
202,80,person,333.29,328.82,193.1,223.03
202,81,person,26.72,200.8,45.98,368.67
203,52,person,158.53,311.11,298.9,337.54
203,70,person,400.68,346.0,309.17,267.52
203,71,cell phone,469.26,323.62,229.54,249.07
203,80,person,332.21,327.73,189.62,221.47
203,81,person,33.63,199.59,49.07,383.4
204,52,person,182.45,311.91,291.69,334.67
204,70,person,401.41,347.61,303.08,264.15
204,71,cell phone,468.84,323.65,222.78,241.44
204,80,person,334.56,328.36,185.62,218.9
205,52,person,178.3,312.13,290.55,334.66
205,70,person,401.86,347.36,301.89,264.54
205,71,cell phone,470.58,321.37,217.21,235.34
205,80,person,334.88,329.71,186.49,222.3
205,83,person,79.76,238.81,159.53,476.6
206,52,person,169.74,312.27,292.97,334.09
206,70,person,414.09,346.98,301.07,265.17
206,71,cell phone,470.4,322.35,216.03,234.38
206,80,person,335.95,329.12,183.48,220.56
206,83,person,78.17,236.58,156.33,472.93
207,52,person,160.1,312.74,293.56,333.75
207,70,person,406.77,347.55,298.39,264.37
207,71,cell phone,471.3,322.91,215.16,233.77
207,80,person,336.95,328.61,181.66,219.8
207,83,person,76.32,236.59,152.65,473.18
207,79,bottle,585.22,385.48,89.76,188.31
208,52,person,159.83,313.76,292.57,332.05
208,70,person,410.05,348.24,297.67,262.7
208,71,cell phone,469.72,326.41,215.34,233.46
208,80,person,337.08,329.59,180.04,219.22
208,83,person,70.77,237.79,141.54,475.59
209,52,person,156.04,311.14,296.72,336.82
209,70,person,408.43,348.62,294.54,262.08
209,71,cell phone,452.73,328.14,207.74,228.98
209,80,person,336.87,326.39,176.17,214.91
209,83,person,72.86,238.75,145.71,477.49
210,52,person,157.27,312.32,295.48,335.04
210,70,person,406.63,349.77,289.96,259.82
210,71,cell phone,443.87,338.47,213.0,238.89
210,80,person,337.67,325.6,174.11,212.29
210,83,person,77.65,241.25,155.3,473.9
210,79,bottle,585.42,386.22,90.27,186.56
211,52,person,150.75,312.24,295.06,334.68
211,70,person,401.43,349.65,290.63,260.3
211,71,cell phone,444.75,352.73,175.69,191.33
211,80,person,344.52,322.39,172.93,208.32
211,79,bottle,584.81,386.17,91.01,187.01
212,52,person,146.71,313.22,293.14,332.91
212,70,person,392.51,350.09,289.05,259.12
212,71,cell phone,437.94,377.8,139.8,144.4
212,80,person,347.53,320.67,171.21,202.89
212,79,bottle,586.32,386.57,90.83,186.1
213,52,person,160.58,312.77,297.68,333.67
213,70,person,387.93,349.06,290.28,260.84
213,80,person,346.35,317.28,171.14,199.04
213,79,bottle,586.25,385.67,91.0,188.09
214,52,person,159.43,312.49,299.72,333.98
214,70,person,385.68,348.85,290.59,261.06
214,80,person,345.34,317.66,175.04,200.16
214,79,bottle,586.03,385.54,90.65,188.35
215,52,person,146.71,312.76,293.42,333.73
215,70,person,383.22,349.3,290.57,260.48
215,79,bottle,586.12,385.7,90.08,188.07
216,52,person,143.02,312.83,286.04,333.25
216,70,person,396.09,350.86,297.06,257.63
216,79,bottle,588.17,386.88,88.64,186.06
216,85,remote,225.17,454.68,103.9,50.08
217,52,person,141.36,312.86,282.71,333.08
217,70,person,401.01,351.45,304.56,256.56
217,79,bottle,588.93,387.33,87.86,185.3
217,85,remote,225.07,454.53,104.37,50.37
218,52,person,140.49,313.46,280.99,332.33
218,70,person,418.03,350.43,316.94,258.3
218,79,bottle,588.98,386.41,88.28,183.89
219,52,person,140.12,314.12,280.24,331.1
219,70,person,424.24,350.46,326.2,258.12
219,79,bottle,589.08,386.8,89.78,185.19
220,52,person,148.38,314.62,288.62,329.8
220,70,person,428.67,349.62,337.04,260.08
221,52,person,156.66,315.27,290.75,328.52
221,70,person,433.48,349.4,344.44,260.42
222,52,person,150.93,316.46,289.39,326.41
222,70,person,436.8,350.08,348.83,259.09
223,52,person,194.64,316.02,300.39,327.15
223,70,person,399.81,349.82,341.04,259.41
224,52,person,213.89,315.77,309.4,327.41
224,70,person,385.8,349.65,333.26,259.11
224,87,chair,580.78,423.65,85.29,61.51
225,52,person,224.01,316.09,318.32,326.89
225,70,person,385.98,350.08,327.08,258.81
225,87,chair,581.01,427.25,96.31,69.62
226,52,person,223.33,317.1,324.99,324.94
226,70,person,394.21,350.98,321.95,257.31
226,87,chair,584.27,434.42,111.46,80.81
227,52,person,226.23,317.36,332.6,324.56
227,70,person,394.03,351.01,317.79,257.14
227,87,chair,583.19,437.22,113.62,85.56
228,52,person,224.49,318.06,337.31,323.08
228,70,person,401.46,351.23,310.98,256.73
228,87,chair,582.46,437.84,115.09,84.31
229,52,person,220.42,317.89,345.31,323.41
229,70,person,397.43,351.15,307.83,257.14
229,87,chair,583.54,437.27,112.93,85.46
230,52,person,231.86,320.5,343.52,318.26
230,70,person,395.6,352.7,301.01,253.87
230,87,chair,585.29,439.11,109.42,81.78
231,52,person,233.31,320.96,346.55,317.41
231,70,person,395.67,353.32,296.9,252.64
231,87,chair,586.28,439.62,107.44,80.76
232,52,person,233.83,321.28,349.0,316.72
232,70,person,395.34,353.52,294.02,252.28
232,87,chair,586.57,439.81,106.86,80.38
233,52,person,239.27,322.02,352.78,315.18
233,70,person,395.71,353.47,292.11,252.57
233,87,chair,586.74,439.61,106.51,80.78
234,52,person,242.02,320.94,359.4,317.19
234,70,person,395.51,353.24,290.75,253.07
234,87,chair,586.35,439.13,107.31,81.73
235,52,person,246.02,322.04,362.83,315.05
235,70,person,396.58,353.53,288.69,252.21
235,87,chair,587.36,439.61,105.29,80.77
236,52,person,246.87,320.12,369.62,318.82
236,70,person,382.54,347.44,271.96,240.81
236,87,chair,588.9,438.36,102.19,78.39
237,52,person,251.03,318.9,374.52,321.39
237,70,person,376.24,344.88,261.55,234.34
237,87,chair,589.67,437.77,100.66,76.2
238,52,person,244.42,317.38,380.29,324.46
238,70,person,371.64,340.75,252.48,228.58
238,87,chair,589.55,434.53,97.08,73.21
239,52,person,232.32,316.37,386.93,326.53
239,70,person,368.45,339.59,247.74,226.28
239,87,chair,589.45,432.14,92.7,69.4
240,52,person,225.9,315.87,390.2,327.82
240,70,person,366.68,338.28,244.54,224.78
240,87,chair,589.7,429.2,86.81,63.96
241,52,person,209.88,314.19,378.01,330.68
241,70,person,411.64,347.46,277.6,244.02
242,52,person,178.36,313.5,356.72,332.02
242,70,person,422.04,350.58,295.17,251.22
243,52,person,162.21,313.04,324.43,333.05
243,70,person,397.46,352.15,298.17,253.41
243,85,tie,208.36,426.5,183.67,106.32
243,87,chair,587.04,437.2,105.93,79.72
244,52,person,153.23,312.55,306.46,333.81
244,70,person,387.2,352.33,300.08,255.02
244,87,chair,586.07,437.89,107.86,83.05
245,52,person,148.18,312.95,296.35,332.99
245,70,person,383.4,352.41,300.45,255.18
245,87,chair,586.05,438.27,107.9,83.46
246,52,person,145.0,314.9,289.99,329.2
246,70,person,383.51,352.42,300.21,255.17
246,87,chair,586.11,438.07,107.77,83.86
247,52,person,143.37,316.47,286.73,326.15
247,70,person,382.93,352.16,300.45,255.68
247,87,chair,585.86,437.85,108.28,84.29
248,52,person,142.97,318.45,285.95,322.2
248,70,person,383.66,352.41,299.56,255.18
248,87,chair,586.28,437.9,107.45,84.2
249,52,person,142.66,319.56,285.33,320.03
249,70,person,383.67,352.47,299.25,255.06
249,87,chair,586.45,438.19,107.09,83.63
250,52,person,142.01,321.03,284.02,317.13
250,70,person,384.02,352.89,297.97,254.11
250,87,chair,586.97,438.74,106.07,82.53
251,52,person,142.35,321.09,284.69,316.98
251,70,person,383.82,352.34,298.95,255.15
251,87,chair,586.01,438.01,107.96,83.98
252,52,person,142.64,322.01,285.29,315.23
252,70,person,383.54,352.14,299.2,255.49
252,87,chair,586.69,437.99,106.62,84.01
253,52,person,143.01,322.28,286.02,314.67
253,70,person,383.45,351.97,299.37,255.8
253,87,chair,586.88,437.78,106.23,84.43
254,52,person,144.78,322.94,289.56,313.4
254,70,person,383.8,352.34,298.44,254.95
254,87,chair,587.3,438.04,105.4,83.92
255,52,person,144.08,323.51,288.16,312.01
255,70,person,383.18,352.78,297.41,254.0
255,87,chair,587.85,438.81,104.3,82.38
256,52,person,144.44,322.97,288.87,312.95
256,70,person,383.79,352.03,298.86,255.47
256,87,chair,587.21,437.87,105.57,84.26
257,52,person,144.47,322.8,288.94,313.34
257,70,person,384.11,351.74,299.44,256.09
257,87,chair,586.92,437.49,106.16,84.96
258,52,person,146.13,323.47,289.22,311.95
258,70,person,384.57,352.35,298.04,254.99
258,87,chair,588.61,439.03,102.79,81.94
259,52,person,155.68,326.44,287.54,306.03
259,70,person,387.76,354.72,292.44,250.31
259,87,chair,590.73,442.31,95.27,75.15
260,52,person,164.3,331.24,283.89,296.87
260,70,person,414.48,357.36,287.46,244.85
261,52,person,172.3,330.86,288.3,297.34
261,70,person,432.43,356.26,291.22,247.01
261,99,person,41.48,250.86,80.02,448.8
262,52,person,191.94,332.19,288.0,294.66
262,70,person,449.7,357.15,289.16,245.15
262,99,person,52.99,256.54,79.4,441.56
263,52,person,203.75,333.3,288.18,292.72
263,70,person,459.71,357.77,288.2,243.95
263,99,person,58.86,254.54,80.42,441.17
264,52,person,211.83,333.16,290.03,292.8
264,70,person,467.33,356.7,291.23,246.09
264,99,person,61.88,258.91,81.13,436.49
265,52,person,215.64,332.27,294.63,295.09
265,70,person,473.34,355.63,294.36,248.22
265,99,person,54.81,253.59,83.79,446.86
266,52,person,219.44,330.17,300.67,298.98
266,70,person,481.21,354.16,297.0,250.83
266,99,person,45.83,253.28,83.98,448.55
267,52,person,219.97,329.6,303.46,299.98
267,70,person,483.48,353.69,297.5,252.01
267,99,person,40.78,256.23,81.55,442.03
268,52,person,220.91,328.64,306.87,302.05
268,70,person,486.7,352.99,298.15,253.4
268,99,person,36.2,259.3,72.41,438.03
269,52,person,233.89,328.7,311.73,302.12
269,70,person,487.35,352.88,297.43,253.6
269,99,person,31.36,262.4,62.72,433.32
270,52,person,225.91,328.75,312.0,301.65
270,70,person,488.15,352.62,297.19,254.2
271,52,person,224.56,328.78,313.17,301.88
271,70,person,487.68,352.64,295.93,253.86
272,52,person,222.87,329.1,313.63,301.19
272,70,person,489.54,352.69,294.52,253.58
273,52,person,224.72,329.47,314.7,300.29
273,70,person,490.36,352.52,294.43,254.2
274,52,person,222.12,329.44,315.62,300.26
274,70,person,489.55,352.41,293.21,254.23
275,52,person,217.71,328.78,317.74,301.43
275,70,person,479.14,352.82,294.07,253.7
276,52,person,220.08,329.37,317.13,300.81
276,70,person,474.18,353.5,293.06,252.48
277,52,person,223.57,332.71,311.24,293.68
277,70,person,468.15,356.66,285.44,246.14
278,52,person,225.57,334.12,309.67,290.79
278,70,person,465.33,357.9,282.22,243.74
279,52,person,233.58,335.99,307.31,286.91
279,70,person,467.57,359.43,277.75,240.68
280,52,person,241.12,336.81,307.84,286.01
280,70,person,472.54,359.94,276.21,239.51
280,105,person,25.26,274.08,46.13,409.48
280,106,tie,331.26,445.1,63.0,69.42
281,52,person,268.52,336.44,308.62,286.37
281,70,person,496.47,358.81,277.13,241.83
281,105,person,48.99,266.67,48.9,423.1
282,52,person,287.7,337.11,309.02,285.52
282,70,person,505.69,358.48,268.62,242.56
282,105,person,60.79,264.93,51.27,425.47
283,52,person,318.91,337.96,307.2,284.02
283,70,person,515.29,357.15,249.42,245.2
284,52,person,349.69,337.21,307.74,284.98
284,70,person,524.87,355.08,230.27,249.25
284,107,person,101.91,275.79,174.25,406.43
285,52,person,375.46,336.82,310.41,285.35
285,70,person,530.77,353.68,218.45,252.02
285,107,person,106.49,279.57,171.84,398.74
286,52,person,418.21,334.87,315.25,289.11
286,70,person,545.45,352.29,189.1,254.56
286,107,person,131.81,284.8,170.58,388.82
287,52,person,462.08,331.94,320.53,295.08
287,107,person,159.67,287.8,173.93,382.86
288,52,person,482.49,330.0,315.03,298.94
288,107,person,171.98,289.59,179.9,379.52
289,52,person,494.18,328.15,291.64,302.34
289,107,person,190.01,295.31,185.77,369.06
290,52,person,500.96,324.66,278.09,309.44
290,107,person,200.56,294.83,198.41,370.3
291,52,person,510.54,321.65,258.93,315.51
291,107,person,218.43,295.72,212.47,368.2
292,52,person,517.22,320.56,245.57,317.65
292,107,person,225.25,296.24,227.39,366.6
293,52,person,526.36,321.06,227.28,316.43
293,107,person,235.11,300.57,240.02,357.86
294,52,person,532.18,322.41,215.64,313.71
294,107,person,239.31,301.91,255.76,355.12
295,52,person,535.73,323.47,208.54,311.83
295,107,person,240.82,302.75,271.45,353.44
296,52,person,533.81,315.9,212.38,327.31
296,107,person,240.04,292.95,300.23,373.11
297,52,person,533.95,312.49,212.09,334.23
297,107,person,239.2,288.8,319.94,381.58
298,52,person,536.08,312.61,207.84,333.91
298,107,person,238.94,288.43,333.19,382.41
299,52,person,537.61,313.6,204.78,331.96
299,107,person,238.57,291.21,340.72,376.75
300,52,person,537.99,312.0,204.02,335.09
300,107,person,237.86,290.37,353.1,378.35
301,52,person,539.38,312.94,201.24,332.8
301,107,person,248.0,295.81,351.88,367.56
302,52,person,540.68,313.05,198.64,332.63
302,107,person,254.28,297.98,355.04,363.21
303,52,person,541.49,309.45,197.02,339.82
303,107,person,259.69,294.56,366.61,370.08
304,52,person,542.78,309.91,194.45,338.84
304,107,person,262.74,295.9,368.66,367.34
305,52,person,544.06,311.86,191.88,335.32
305,107,person,262.79,297.63,370.02,363.89
306,52,person,545.49,314.18,189.02,330.83
306,107,person,259.4,295.04,380.04,369.2
307,52,person,546.66,315.5,186.68,328.19
307,107,person,257.43,293.99,386.53,371.24
308,52,person,548.53,317.64,182.93,323.84
308,107,person,260.93,295.26,387.92,368.62
309,52,person,558.88,332.04,162.25,294.89
309,107,person,278.08,297.56,388.59,364.11
310,52,person,571.68,367.35,136.65,224.29
310,107,person,288.31,299.23,390.12,360.6
311,52,person,574.92,378.15,124.24,202.29
311,107,person,298.59,298.72,394.71,361.66
312,52,person,575.51,380.69,121.84,197.14
312,107,person,302.36,297.27,400.52,364.56
313,52,person,575.7,381.37,121.81,196.13
313,107,person,302.89,296.68,404.26,365.72
314,52,person,575.69,382.01,121.51,194.52
314,107,person,306.83,297.58,403.76,363.89
315,52,person,575.32,380.1,124.37,198.57
315,107,person,307.34,297.04,406.32,364.98
316,52,person,575.14,380.12,124.73,198.39
316,107,person,307.91,295.45,410.3,368.0
317,52,person,568.22,380.44,126.54,197.5
317,107,person,308.77,294.44,413.22,370.24
318,107,person,350.6,292.59,428.49,373.95
319,107,person,365.52,292.35,439.43,374.39
320,107,person,330.3,291.22,440.32,376.63
320,52,person,566.89,354.16,146.22,250.91
321,107,person,314.26,291.06,438.75,376.89
321,52,person,571.83,370.67,136.34,218.65
322,107,person,350.17,292.54,445.87,373.86
322,52,person,567.99,356.44,144.02,247.11
323,107,person,327.69,291.84,446.29,375.27
323,52,person,567.14,350.03,145.71,259.94
324,107,person,311.33,292.26,443.12,374.52
324,52,person,567.36,348.92,145.29,262.15
325,107,person,305.15,292.01,441.93,375.03
325,52,person,567.91,348.61,144.18,262.79
326,107,person,303.37,292.14,439.62,374.56
326,52,person,568.56,349.02,142.89,261.97
327,107,person,301.77,292.78,436.9,373.32
327,52,person,573.66,367.24,132.68,225.52
328,107,person,301.09,292.01,437.45,374.94
328,52,person,571.05,356.92,137.9,245.76
329,107,person,301.13,291.77,436.34,375.43
329,52,person,569.94,352.12,140.13,255.46
330,107,person,300.79,292.22,434.15,374.6
330,52,person,573.69,368.93,129.38,221.81
331,107,person,300.81,291.77,433.89,375.38
331,52,person,571.31,357.41,137.39,244.48
332,107,person,301.89,291.66,432.7,375.53
332,52,person,570.37,353.01,139.26,253.4
333,107,person,303.65,292.04,430.34,374.76
333,52,person,573.18,364.81,132.44,229.76
334,107,person,305.24,291.8,429.22,375.16
334,52,person,573.6,367.54,129.62,224.18
335,107,person,304.3,291.98,427.66,374.88
335,52,person,573.62,372.73,124.69,213.73
336,107,person,303.64,292.31,426.22,374.32
336,52,person,571.87,358.87,136.27,241.18
337,107,person,304.57,292.24,425.29,374.44
337,52,person,573.18,367.84,130.13,223.41
338,107,person,305.43,292.55,423.52,373.82
338,52,person,571.32,357.19,137.36,244.46
339,107,person,305.43,292.09,423.48,374.74
339,52,person,573.22,364.6,133.12,229.79
340,107,person,305.44,291.72,423.19,375.44
340,52,person,570.94,356.21,138.12,246.38
341,107,person,304.95,291.57,422.62,375.74
341,52,person,572.88,369.96,127.63,219.08
342,107,person,304.41,291.63,421.93,375.57
342,52,person,570.66,355.61,138.68,247.78
343,107,person,304.78,291.42,421.66,376.02
343,52,person,569.97,352.18,140.06,254.72
344,107,person,307.29,291.68,420.51,375.69
344,52,person,573.0,363.18,133.65,232.75
345,107,person,307.27,292.27,418.93,374.66
345,52,person,573.29,371.11,125.71,216.81
346,107,person,308.93,293.29,416.42,372.69
346,52,person,571.63,356.39,136.74,246.23
347,107,person,313.56,293.85,415.0,371.53
347,52,person,575.27,369.17,127.43,220.77
348,107,person,335.46,292.62,417.18,373.94
349,107,person,347.87,291.63,418.85,375.9
350,107,person,351.22,290.41,420.67,378.35
350,52,person,590.34,388.6,99.33,181.62
351,107,person,352.54,292.85,414.97,373.62
351,52,person,592.93,393.35,94.14,172.47
352,107,person,352.16,292.62,414.71,373.99
352,52,person,592.97,392.43,94.05,174.3
353,107,person,353.07,291.41,416.89,376.23
353,52,person,592.8,391.93,94.39,174.99
354,107,person,351.88,292.14,414.99,374.7
354,52,person,592.54,389.7,94.92,179.28
355,107,person,353.6,292.86,414.05,373.24
355,52,person,593.16,391.9,93.69,175.23
356,107,person,350.67,291.3,417.38,376.43
356,52,person,593.44,391.77,93.12,175.41
357,107,person,349.93,291.07,417.73,376.94
357,52,person,593.9,394.19,92.2,170.75
358,107,person,347.58,290.3,418.96,378.37
358,52,person,593.57,393.07,92.86,173.0
359,107,person,347.49,290.8,417.93,377.48
359,52,person,593.54,394.09,92.92,171.01
360,107,person,347.11,290.7,418.2,377.73
360,52,person,593.5,394.92,92.15,169.42
361,107,person,346.13,289.99,419.43,379.07
361,52,person,593.44,393.66,93.12,171.49
362,107,person,344.75,290.19,418.64,378.6
362,52,person,593.24,393.37,93.52,172.28
363,107,person,345.45,289.87,419.55,379.27
363,52,person,592.87,392.19,94.26,174.63
364,107,person,345.51,289.35,420.38,380.23
364,52,person,593.24,393.1,93.51,172.85
365,107,person,346.71,289.1,420.92,380.71
365,52,person,593.21,392.29,93.57,174.45
366,107,person,346.05,289.27,419.16,379.37
366,52,person,593.0,392.25,93.99,174.07
367,107,person,345.92,289.09,419.8,380.37
367,52,person,592.64,392.05,94.31,174.71
368,107,person,345.13,289.05,420.12,380.63
368,52,person,593.06,392.17,93.89,174.61
369,107,person,345.34,289.05,420.09,380.66
369,52,person,593.18,391.86,93.64,174.92
370,107,person,344.91,289.23,419.49,380.43
370,52,person,592.9,393.5,92.71,172.01
371,107,person,345.2,288.91,419.95,381.12
371,52,person,592.96,392.9,93.18,172.87
372,107,person,343.54,289.14,419.33,380.7
372,52,person,593.11,392.31,93.77,174.35
373,107,person,343.36,288.61,420.55,381.8
373,52,person,593.27,393.77,92.34,171.55
374,107,person,342.5,288.77,420.18,381.47
374,52,person,593.64,393.11,92.73,172.94
375,107,person,342.34,288.37,420.67,382.12
375,52,person,594.46,394.46,91.09,170.35
376,107,person,342.98,288.55,420.25,381.84
376,52,person,594.99,395.37,90.03,168.54
377,107,person,345.8,288.99,418.27,380.77
377,52,person,595.62,397.64,87.81,164.03
378,107,person,347.39,288.65,418.2,381.35
378,52,person,596.16,409.14,77.43,141.44
379,107,person,319.65,286.91,429.01,384.96
379,52,person,596.39,396.57,87.22,165.76
380,107,person,309.46,287.52,435.18,384.29
380,52,person,596.0,393.79,88.0,171.46
381,107,person,327.2,287.61,434.36,383.89
381,52,person,596.05,392.48,87.91,174.11
382,107,person,339.51,289.8,427.95,379.38
382,52,person,597.03,394.94,85.95,169.25
383,107,person,344.54,290.02,425.89,378.88
383,52,person,597.42,396.1,85.15,166.9
384,107,person,346.04,288.94,426.69,380.91
384,52,person,596.94,396.43,86.11,165.84
385,107,person,346.14,288.68,426.2,381.42
385,52,person,595.9,397.51,86.04,164.04
386,107,person,346.47,288.77,425.23,381.18
386,52,person,593.75,395.78,88.21,167.16
387,107,person,346.37,288.47,424.84,381.85
387,52,person,592.99,398.78,86.17,161.53
388,107,person,346.34,288.74,423.37,381.41
388,52,person,594.24,407.66,78.48,143.97
389,107,person,346.15,288.73,422.37,381.4
389,52,person,595.11,411.1,76.04,137.03
390,107,person,346.98,288.37,422.06,382.03
390,52,person,596.44,411.57,76.32,135.89
391,107,person,347.08,288.33,421.2,382.01
391,52,person,596.86,411.45,77.21,136.07
392,107,person,347.21,288.16,420.56,382.4
392,52,person,597.09,411.8,77.58,135.38
393,107,person,347.44,288.69,418.66,381.34
393,52,person,597.15,411.69,78.36,135.58
394,107,person,343.74,289.13,418.03,380.42
394,52,person,595.59,411.69,79.43,135.76
395,107,person,342.12,289.48,417.92,379.76
395,52,person,593.8,411.44,81.17,136.65
396,107,person,341.51,288.79,419.86,381.11
396,52,person,592.8,412.04,81.71,135.4
397,107,person,340.71,288.08,421.81,382.56
397,52,person,592.71,412.12,82.6,134.96
398,107,person,343.06,289.21,420.5,380.33
398,52,person,592.4,412.58,83.17,133.92
399,107,person,342.46,288.43,422.86,381.81
399,52,person,592.33,412.82,83.93,133.38
400,107,person,341.36,288.63,423.18,381.56
400,52,person,592.51,413.34,84.31,132.36
401,107,person,341.49,288.24,424.63,382.27
401,52,person,592.54,412.99,85.58,133.03
402,107,person,341.89,289.59,423.21,379.58
402,52,person,592.67,414.36,84.87,130.37
403,107,person,342.28,290.15,423.47,378.71
403,52,person,592.84,414.14,85.86,130.74
404,107,person,342.42,289.69,425.35,379.71
404,52,person,592.58,415.07,85.66,129.09
405,107,person,342.93,289.31,426.37,380.42
405,52,person,593.12,414.45,86.9,130.19
406,107,person,342.89,289.41,426.73,380.18
406,52,person,593.06,414.79,87.1,129.63
407,107,person,341.63,289.73,426.44,379.49
407,52,person,593.03,415.03,87.32,129.14
408,107,person,341.48,289.15,427.88,380.66
408,52,person,592.53,416.56,86.26,126.1
409,107,person,341.03,289.11,428.18,380.73
409,52,person,592.2,416.77,86.81,125.74
410,107,person,340.78,288.25,429.97,382.48
410,52,person,588.15,396.12,103.7,166.37
411,107,person,340.58,287.96,430.47,383.02
411,52,person,586.61,388.75,106.79,180.87
412,107,person,343.14,287.58,431.83,383.88
412,52,person,585.83,383.92,108.34,190.59
413,107,person,342.99,287.26,432.3,384.49
413,52,person,586.21,382.78,107.57,192.91
414,107,person,347.01,287.79,432.0,383.46
414,52,person,586.54,382.59,106.92,193.23
415,107,person,345.66,288.45,431.13,382.15
415,52,person,587.16,382.73,105.68,192.96
416,107,person,349.47,288.38,432.6,382.23
416,52,person,587.7,382.94,104.6,193.08
417,107,person,350.74,288.04,435.5,382.96
417,52,person,588.24,383.22,103.53,192.2
418,107,person,346.49,288.14,435.75,382.74
418,52,person,588.64,382.97,102.72,193.13
419,107,person,345.61,288.75,435.3,381.57
419,52,person,589.3,383.8,101.4,191.07
420,107,person,344.12,288.3,437.12,382.48
420,52,person,589.55,383.27,100.9,191.87
421,107,person,348.66,288.91,437.57,381.24
421,52,person,589.88,382.7,100.24,192.99
422,107,person,345.54,288.71,439.09,381.69
422,52,person,590.49,383.45,99.02,191.58
423,107,person,342.52,288.36,440.34,382.33
423,52,person,590.93,384.24,98.14,189.96
424,107,person,341.4,288.39,440.6,382.31
424,52,person,591.22,384.55,97.56,189.43
425,107,person,342.59,288.81,440.45,381.52
425,52,person,591.47,385.13,97.06,188.21
426,107,person,343.23,287.91,443.05,383.34
426,52,person,591.4,383.75,97.19,191.09
427,107,person,342.12,288.16,442.77,382.8
427,52,person,591.88,384.69,96.25,189.01
428,107,person,343.1,287.91,442.69,383.2
428,52,person,592.24,386.03,95.51,186.33
429,107,person,341.1,287.59,443.12,383.76
429,52,person,592.34,386.33,95.32,185.78
430,107,person,341.77,287.5,442.88,384.02
430,52,person,592.46,386.74,95.07,185.04
431,107,person,341.38,287.45,442.53,384.04
431,52,person,592.19,385.54,95.63,187.39
