frame,track_id,class,center_x,center_y,width,height,dx,dy,speed,direction
1,1,person,316.01,308.68,499.63,341.45,0.0,0.0,0.0,stationary
1,2,person,125.48,386.22,158.89,145.84,0.0,0.0,0.0,stationary
2,1,person,331.05,274.05,599.35,410.45,15.04,-34.63,37.75,up
2,2,person,118.25,385.82,159.19,146.4,-7.23,-0.4,7.24,left
3,1,person,337.38,265.71,605.24,427.0,6.33,-8.34,10.47,up
3,2,person,114.43,387.46,158.06,145.94,-3.82,1.64,4.16,left
4,1,person,328.39,263.22,623.23,431.89,-8.99,-2.49,9.33,left
4,2,person,107.35,387.37,158.24,147.39,-7.08,-0.09,7.08,left
5,1,person,328.18,262.16,623.65,433.91,-0.21,-1.06,1.08,up
5,2,person,113.68,386.3,155.53,145.35,6.33,-1.07,6.42,right
6,1,person,324.69,265.74,614.83,427.24,-3.49,3.58,5.0,down
6,2,person,115.11,384.83,153.66,144.1,1.43,-1.47,2.05,up
7,1,person,328.79,276.36,582.83,406.36,4.1,10.62,11.38,down
7,2,person,115.34,386.06,153.78,144.91,0.23,1.23,1.25,down
8,1,person,345.25,291.9,535.1,375.3,16.46,15.54,22.64,right
8,2,person,116.56,386.2,152.92,144.64,1.22,0.14,1.23,right
9,1,person,355.03,310.17,479.78,338.53,9.78,18.27,20.72,down
9,2,person,119.95,386.14,152.68,144.42,3.39,-0.06,3.39,right
10,1,person,357.23,318.68,452.96,321.5,2.2,8.51,8.79,down
10,2,person,121.29,385.72,152.45,144.01,1.34,-0.42,1.4,right
11,1,person,363.52,334.81,405.6,289.48,6.29,16.13,17.31,down
11,2,person,127.38,385.46,153.02,143.17,6.09,-0.26,6.1,right
12,1,person,364.68,345.48,373.84,268.22,1.16,10.67,10.73,down
12,2,person,132.03,385.36,155.1,143.29,4.65,-0.1,4.65,right
12,8,person,258.95,381.38,43.82,29.63,0.0,0.0,0.0,stationary
13,1,person,365.79,353.53,350.1,252.19,1.11,8.05,8.13,down
13,2,person,135.22,388.76,163.92,150.22,3.19,3.4,4.66,down
13,8,person,258.83,381.14,42.75,28.84,-0.12,-0.24,0.27,stationary
14,1,person,366.43,352.05,352.86,254.99,0.64,-1.48,1.61,up
14,2,person,134.27,386.76,161.26,146.31,-0.95,-2.0,2.21,up
14,8,person,258.5,381.1,42.85,28.85,-0.33,-0.04,0.33,stationary
15,1,person,364.76,344.53,372.19,270.06,-1.67,-7.52,7.7,up
15,2,person,131.93,385.86,160.32,144.56,-2.34,-0.9,2.51,left
15,8,person,257.32,381.75,44.81,30.15,-1.18,0.65,1.35,left
16,1,person,360.54,336.17,393.56,286.84,-4.22,-8.36,9.36,up
16,2,person,127.68,385.48,160.48,144.48,-4.25,-0.38,4.27,left
16,8,person,256.34,380.89,42.51,28.59,-0.98,-0.86,1.3,stationary
17,1,person,353.34,326.47,418.26,306.04,-7.2,-9.7,12.08,up
17,2,person,124.52,385.51,159.95,144.33,-3.16,0.03,3.16,left
17,8,person,256.82,377.5,33.16,21.97,0.48,-3.39,3.42,up
18,1,person,351.63,316.93,442.57,324.94,-1.71,-9.54,9.69,up
18,2,person,120.37,385.48,158.33,143.83,-4.15,-0.03,4.15,left
19,1,person,349.09,308.94,462.62,340.76,-2.54,-7.99,8.38,up
19,2,person,118.17,385.32,155.89,142.68,-2.2,-0.16,2.21,left
20,1,person,346.9,303.08,477.05,352.32,-2.19,-5.86,6.26,up
20,2,person,116.78,385.6,155.54,143.57,-1.39,0.28,1.42,left
21,1,person,352.04,297.94,490.19,362.55,5.14,-5.14,7.27,right
21,2,person,116.28,385.8,153.97,143.14,-0.5,0.2,0.54,stationary
21,12,tie,389.94,453.45,48.2,52.69,0.0,0.0,0.0,stationary
22,1,person,356.91,295.34,497.69,367.93,4.87,-2.6,5.52,right
22,2,person,115.83,385.78,152.57,142.88,-0.45,-0.02,0.45,stationary
22,12,tie,390.87,455.87,43.9,47.85,0.93,2.42,2.59,down
23,1,person,353.23,295.18,497.97,368.2,-3.68,-0.16,3.68,left
23,2,person,115.68,386.11,152.02,143.33,-0.15,0.33,0.36,stationary
23,12,tie,390.52,455.5,44.71,48.65,-0.35,-0.37,0.51,stationary
24,1,person,348.43,297.99,488.62,362.5,-4.8,2.81,5.56,left
24,2,person,115.96,386.08,151.34,143.48,0.28,-0.03,0.28,stationary
24,12,tie,387.73,459.42,37.59,40.77,-2.79,3.92,4.81,down
25,1,person,348.44,305.72,468.18,347.19,0.01,7.73,7.73,down
25,2,person,116.83,385.88,150.7,143.51,0.87,-0.2,0.89,stationary
26,1,person,348.22,311.08,454.78,336.62,-0.22,5.36,5.36,down
26,2,person,116.93,385.9,150.36,143.82,0.1,0.02,0.1,stationary
27,1,person,344.7,313.31,449.87,332.23,-3.52,2.23,4.17,left
27,2,person,116.95,386.03,150.57,144.54,0.02,0.13,0.13,stationary
28,1,person,335.45,315.34,444.13,328.16,-9.25,2.03,9.47,left
28,2,person,116.6,386.09,150.03,144.63,-0.35,0.06,0.36,stationary
29,1,person,329.15,315.78,442.32,327.24,-6.3,0.44,6.32,left
29,2,person,117.77,387.01,151.59,146.7,1.17,0.92,1.49,right
30,1,person,323.45,316.51,439.79,325.55,-5.7,0.73,5.75,left
30,2,person,117.36,386.51,150.45,146.06,-0.41,-0.5,0.65,stationary
30,16,person,151.78,349.58,77.03,71.76,0.0,0.0,0.0,stationary
30,17,tie,254.84,439.49,37.28,80.27,0.0,0.0,0.0,stationary
31,1,person,322.12,316.33,440.19,325.9,-1.33,-0.18,1.34,left
31,2,person,117.44,385.79,148.62,144.49,0.08,-0.72,0.72,stationary
31,16,person,151.31,349.82,77.56,72.27,-0.47,0.24,0.53,stationary
31,17,tie,255.02,438.92,37.8,81.41,0.18,-0.57,0.6,stationary
32,1,person,325.13,316.62,439.62,325.47,3.01,0.29,3.02,right
32,2,person,117.46,385.68,148.08,144.26,0.02,-0.11,0.11,stationary
32,16,person,152.32,349.36,76.69,71.51,1.01,-0.46,1.11,right
32,17,tie,260.24,438.81,37.93,81.69,5.22,-0.11,5.22,right
33,1,person,328.76,316.72,439.62,325.38,3.63,0.1,3.63,right
33,2,person,116.59,385.58,146.84,143.36,-0.87,-0.1,0.88,stationary
33,16,person,151.09,350.25,78.51,73.32,-1.23,0.89,1.52,left
33,17,tie,264.98,439.25,37.59,81.03,4.74,0.44,4.76,right
34,1,person,328.58,316.96,438.86,324.91,-0.18,0.24,0.3,stationary
34,2,person,116.62,385.24,146.5,143.27,0.03,-0.34,0.34,stationary
34,16,person,150.83,349.85,77.48,72.43,-0.26,-0.4,0.48,stationary
34,17,tie,267.61,438.87,37.85,81.64,2.63,-0.38,2.66,right
35,1,person,328.81,317.48,438.0,323.99,0.23,0.52,0.57,stationary
35,2,person,116.6,385.58,146.42,143.59,-0.02,0.34,0.34,stationary
35,16,person,150.97,349.47,76.51,71.63,0.14,-0.38,0.4,stationary
35,17,tie,269.78,440.04,36.96,79.5,2.17,1.17,2.47,right
36,1,person,330.72,317.82,437.07,323.35,1.91,0.34,1.94,right
36,2,person,116.59,386.21,147.6,145.07,-0.01,0.63,0.63,stationary
36,16,person,150.97,349.9,77.35,72.56,0.0,0.43,0.43,stationary
36,17,tie,271.51,441.54,35.86,76.56,1.73,1.5,2.29,right
37,1,person,330.3,317.62,437.55,323.74,-0.42,-0.2,0.47,stationary
37,2,person,116.84,386.17,147.03,144.81,0.25,-0.04,0.25,stationary
37,16,person,151.5,349.68,76.67,72.12,0.53,-0.22,0.57,stationary
37,17,tie,273.09,441.33,36.29,77.0,1.58,-0.21,1.59,right
38,1,person,330.65,317.38,438.14,324.22,0.35,-0.24,0.42,stationary
38,2,person,117.02,386.22,147.08,145.12,0.18,0.05,0.19,stationary
38,17,tie,273.16,440.87,36.89,77.92,0.07,-0.46,0.47,stationary
39,1,person,331.73,317.62,436.97,323.63,1.08,0.24,1.11,right
39,2,person,116.92,386.07,146.3,144.53,-0.1,-0.15,0.18,stationary
39,17,tie,273.11,441.77,36.25,76.12,-0.05,0.9,0.9,stationary
40,1,person,333.09,318.63,435.16,321.55,1.36,1.01,1.69,right
40,2,person,116.95,386.02,146.04,144.51,0.03,-0.05,0.06,stationary
40,17,tie,272.66,442.14,36.08,75.37,-0.45,0.37,0.58,stationary
40,16,person,151.26,349.79,76.68,72.33,-0.24,0.11,0.26,stationary
41,1,person,333.62,319.4,433.95,320.03,0.53,0.77,0.93,stationary
41,2,person,117.39,386.23,146.43,145.0,0.44,0.21,0.49,stationary
41,17,tie,272.36,442.29,36.08,75.09,-0.3,0.15,0.34,stationary
42,1,person,333.58,319.43,434.75,320.0,-0.04,0.03,0.05,stationary
42,2,person,117.78,386.23,146.02,144.51,0.39,0.0,0.39,stationary
42,17,tie,271.39,440.93,37.49,77.8,-0.97,-1.36,1.67,up
43,1,person,334.69,318.9,436.99,321.06,1.11,-0.53,1.23,right
43,2,person,117.29,386.27,145.65,144.21,-0.49,0.04,0.49,stationary
43,17,tie,271.9,440.54,37.89,78.58,0.51,-0.39,0.64,stationary
44,1,person,334.72,317.32,441.63,324.21,0.03,-1.58,1.58,up
44,2,person,116.97,386.28,145.66,144.36,-0.32,0.01,0.32,stationary
44,17,tie,272.36,439.98,38.47,79.69,0.46,-0.56,0.72,stationary
45,1,person,333.43,317.28,442.01,324.38,-1.29,-0.04,1.29,left
45,2,person,117.04,386.76,146.57,145.56,0.07,0.48,0.49,stationary
45,17,tie,272.59,438.45,39.77,82.72,0.23,-1.53,1.55,up
45,16,person,151.04,350.21,77.03,72.87,-0.22,0.42,0.47,stationary
46,1,person,334.28,316.86,443.12,325.15,0.85,-0.42,0.95,stationary
46,2,person,117.08,386.37,146.02,145.01,0.04,-0.39,0.39,stationary
46,17,tie,272.77,439.39,38.91,80.85,0.18,0.94,0.96,stationary
46,16,person,151.22,349.94,76.56,72.61,0.18,-0.27,0.32,stationary
47,1,person,335.39,315.88,445.76,327.07,1.11,-0.98,1.48,right
47,2,person,116.37,386.06,145.17,144.31,-0.71,-0.31,0.77,stationary
47,17,tie,272.8,438.24,39.79,83.03,0.03,-1.15,1.15,up
47,16,person,150.66,349.86,76.37,72.6,-0.56,-0.08,0.57,stationary
48,1,person,334.78,316.0,445.8,326.93,-0.61,0.12,0.62,stationary
48,2,person,116.07,385.79,144.21,143.51,-0.3,-0.27,0.4,stationary
48,17,tie,272.64,439.27,38.88,81.06,-0.16,1.03,1.04,down
48,16,person,150.69,349.86,75.9,72.42,0.03,0.0,0.03,stationary
49,1,person,334.51,316.11,445.24,326.6,-0.27,0.11,0.29,stationary
49,2,person,116.35,386.06,144.73,144.16,0.28,0.27,0.39,stationary
49,17,tie,273.25,440.63,37.68,78.4,0.61,1.36,1.49,down
50,1,person,333.44,314.52,449.02,329.65,-1.07,-1.59,1.92,up
50,2,person,116.37,386.74,145.94,145.6,0.02,0.68,0.68,stationary
51,1,person,331.35,314.79,447.55,329.24,-2.09,0.27,2.11,left
51,2,person,116.6,386.24,144.77,144.4,0.23,-0.5,0.55,stationary
52,1,person,330.99,315.01,447.28,328.75,-0.36,0.22,0.42,stationary
52,2,person,116.6,386.31,144.97,144.74,0.0,0.07,0.07,stationary
52,17,tie,273.56,442.37,36.27,74.96,0.31,1.74,1.77,down
53,1,person,332.47,314.42,448.36,329.81,1.48,-0.59,1.59,right
53,2,person,116.29,386.34,144.4,144.38,-0.31,0.03,0.31,stationary
53,17,tie,273.96,441.52,37.06,76.64,0.4,-0.85,0.94,stationary
54,1,person,333.58,314.68,447.36,329.32,1.11,0.26,1.14,right
54,2,person,116.29,386.38,144.78,144.94,0.0,0.04,0.04,stationary
54,17,tie,273.48,440.55,38.11,78.6,-0.48,-0.97,1.08,stationary
55,1,person,332.88,315.67,444.62,327.4,-0.7,0.99,1.21,stationary
55,2,person,116.48,386.36,144.39,144.42,0.19,-0.02,0.19,stationary
55,17,tie,273.06,441.4,37.37,76.88,-0.42,0.85,0.95,stationary
56,1,person,333.53,315.77,444.11,327.17,0.65,0.1,0.66,stationary
56,2,person,116.34,386.05,144.08,144.3,-0.14,-0.31,0.34,stationary
56,17,tie,272.89,440.96,37.78,77.77,-0.17,-0.44,0.47,stationary
57,1,person,333.12,314.87,446.09,328.95,-0.41,-0.9,0.99,stationary
57,2,person,116.44,386.73,145.02,145.36,0.1,0.68,0.69,stationary
58,1,person,333.26,315.31,444.77,328.09,0.14,0.44,0.46,stationary
58,2,person,116.54,386.23,144.23,144.46,0.1,-0.5,0.51,stationary
59,1,person,333.11,314.52,446.48,329.65,-0.15,-0.79,0.8,stationary
59,2,person,117.36,386.47,144.35,144.48,0.82,0.24,0.85,stationary
60,1,person,332.99,314.56,446.06,329.58,-0.12,0.04,0.13,stationary
60,2,person,118.0,386.34,144.09,144.0,0.64,-0.13,0.65,stationary
61,1,person,333.86,315.19,444.07,328.27,0.87,0.63,1.07,stationary
61,2,person,118.6,386.37,144.11,143.7,0.6,0.03,0.6,stationary
61,24,tie,367.23,464.72,27.55,30.07,0.0,0.0,0.0,stationary
62,1,person,329.96,314.92,445.83,328.94,-3.9,-0.27,3.91,left
62,2,person,118.56,386.36,144.4,143.78,-0.04,-0.01,0.04,stationary
62,24,tie,367.23,464.84,27.34,29.8,0.0,0.12,0.12,stationary
63,1,person,332.11,314.62,446.13,329.47,2.15,-0.3,2.17,right
63,2,person,118.15,386.43,144.7,144.07,-0.41,0.07,0.42,stationary
63,24,tie,366.7,464.45,28.06,30.6,-0.53,-0.39,0.66,stationary
64,1,person,333.9,315.18,444.27,328.34,1.79,0.56,1.88,right
64,2,person,118.15,386.63,145.27,144.61,0.0,0.2,0.2,stationary
64,24,tie,366.71,465.16,26.88,29.19,0.01,0.71,0.71,stationary
65,1,person,334.1,314.8,444.72,329.03,0.2,-0.38,0.43,stationary
65,2,person,118.28,386.21,144.86,143.99,0.13,-0.42,0.44,stationary
66,1,person,332.92,314.81,444.52,329.03,-1.18,0.01,1.18,left
66,2,person,118.1,386.17,145.34,144.45,-0.18,-0.04,0.18,stationary
67,1,person,333.54,314.19,445.76,330.27,0.62,-0.62,0.88,stationary
67,2,person,117.5,386.39,145.04,144.26,-0.6,0.22,0.64,stationary
68,1,person,330.94,313.96,446.82,330.79,-2.6,-0.23,2.61,left
68,2,person,116.96,386.36,145.28,144.78,-0.54,-0.03,0.54,stationary
68,24,tie,367.46,464.35,28.43,30.88,0.75,-0.81,1.1,stationary
69,1,person,328.29,314.08,447.49,330.63,-2.65,0.12,2.65,left
69,2,person,116.63,386.16,145.42,145.07,-0.33,-0.2,0.39,stationary
69,24,tie,367.64,464.19,28.76,31.18,0.18,-0.16,0.24,stationary
70,1,person,332.21,312.44,451.31,333.74,3.92,-1.64,4.25,right
70,2,person,116.17,385.98,144.84,144.69,-0.46,-0.18,0.49,stationary
70,17,tie,275.44,440.03,38.34,79.3,2.55,-0.93,2.71,right
71,1,person,332.87,311.81,452.98,334.97,0.66,-0.63,0.91,stationary
71,2,person,115.85,385.97,144.37,144.29,-0.32,-0.01,0.32,stationary
71,17,tie,275.67,437.99,39.63,83.37,0.23,-2.04,2.05,up
72,1,person,333.18,311.19,454.33,336.25,0.31,-0.62,0.69,stationary
72,2,person,115.37,386.01,143.91,144.2,-0.48,0.04,0.48,stationary
72,17,tie,273.85,441.2,37.52,77.12,-1.82,3.21,3.69,down
73,1,person,332.44,311.85,451.75,334.85,-0.74,0.66,0.99,stationary
73,2,person,115.75,386.03,143.83,144.27,0.38,0.02,0.38,stationary
74,1,person,333.44,314.74,442.68,329.14,1.0,2.89,3.06,down
74,2,person,117.02,385.96,143.98,144.15,1.27,-0.07,1.27,right
75,1,person,333.38,317.48,434.37,323.8,-0.06,2.74,2.74,down
75,2,person,118.37,385.83,144.16,143.83,1.35,-0.13,1.36,right
76,1,person,338.15,320.66,424.25,317.44,4.77,3.18,5.73,right
76,2,person,121.81,385.84,145.64,144.15,3.44,0.01,3.44,right
77,1,person,341.56,322.28,419.03,314.24,3.41,1.62,3.78,right
77,2,person,123.23,385.73,146.78,144.15,1.42,-0.11,1.42,right
77,27,cell phone,440.24,365.13,45.66,84.62,0.0,0.0,0.0,stationary
78,1,person,344.24,322.34,417.86,314.08,2.68,0.06,2.68,right
78,2,person,123.49,385.68,147.19,143.45,0.26,-0.05,0.26,stationary
78,27,cell phone,441.9,367.26,48.22,89.41,1.66,2.13,2.7,down
79,1,person,343.46,321.42,419.29,315.89,-0.78,-0.92,1.21,stationary
79,2,person,123.08,385.51,148.77,144.12,-0.41,-0.17,0.44,stationary
79,27,cell phone,443.38,364.59,47.58,87.71,1.48,-2.67,3.05,up
80,1,person,343.5,320.27,421.41,318.21,0.04,-1.15,1.15,up
80,2,person,120.81,384.5,151.38,145.85,-2.27,-1.01,2.48,left
80,27,cell phone,442.98,370.2,47.93,88.04,-0.4,5.61,5.62,down
81,1,person,343.64,319.0,423.69,320.7,0.14,-1.27,1.28,up
81,2,person,115.91,382.4,154.69,147.9,-4.9,-2.1,5.33,left
81,27,cell phone,440.64,372.28,47.7,86.9,-2.34,2.08,3.13,left
82,1,person,341.77,318.66,424.63,321.37,-1.87,-0.34,1.9,left
82,2,person,111.22,381.68,157.29,148.57,-4.69,-0.72,4.74,left
82,27,cell phone,438.48,370.79,54.01,98.62,-2.16,-1.49,2.62,left
83,1,person,341.86,318.54,424.37,321.52,0.09,-0.12,0.15,stationary
83,2,person,103.51,380.9,159.83,149.71,-7.71,-0.78,7.75,left
83,27,cell phone,438.61,371.47,51.61,93.66,0.13,0.68,0.69,stationary
84,1,person,342.75,318.31,424.42,322.02,0.89,-0.23,0.92,stationary
84,2,person,97.18,380.34,161.67,150.29,-6.33,-0.56,6.35,left
84,27,cell phone,439.15,370.85,48.63,87.15,0.54,-0.62,0.82,stationary
85,1,person,341.75,318.14,424.04,322.32,-1.0,-0.17,1.01,left
85,2,person,92.54,380.5,162.57,150.09,-4.64,0.16,4.64,left
85,27,cell phone,438.81,370.41,44.24,78.02,-0.34,-0.44,0.56,stationary
86,1,person,341.04,316.86,428.55,324.9,-0.71,-1.28,1.46,up
86,2,person,87.15,380.78,161.83,148.61,-5.39,0.28,5.4,left
87,1,person,361.47,316.29,436.68,326.74,20.43,-0.57,20.44,right
87,2,person,84.6,381.05,160.8,146.9,-2.55,0.27,2.56,left
87,35,tv,180.44,378.77,34.78,34.25,0.0,0.0,0.0,stationary
88,1,person,357.94,315.23,440.78,329.15,-3.53,-1.06,3.69,left
88,2,person,83.96,381.13,160.88,146.38,-0.64,0.08,0.64,stationary
88,35,tv,181.19,378.28,34.68,34.06,0.75,-0.49,0.9,stationary
89,1,person,355.03,312.01,448.34,334.95,-2.91,-3.22,4.34,up
89,2,person,83.16,380.94,162.04,147.16,-0.8,-0.19,0.82,stationary
89,35,tv,180.45,378.73,35.78,35.19,-0.74,0.45,0.87,stationary
90,1,person,355.08,309.97,453.43,338.85,0.05,-2.04,2.04,up
90,2,person,82.73,381.24,162.61,147.44,-0.43,0.3,0.52,stationary
90,35,tv,180.42,378.85,34.9,34.41,-0.03,0.12,0.12,stationary
91,1,person,363.52,308.55,458.64,341.64,8.44,-1.42,8.56,right
91,2,person,83.47,381.64,161.6,145.95,0.74,0.4,0.84,stationary
91,35,tv,180.13,378.7,34.56,34.17,-0.29,-0.15,0.33,stationary
92,1,person,366.27,308.08,463.47,343.09,2.75,-0.47,2.79,right
92,2,person,84.64,381.71,163.41,147.25,1.17,0.07,1.17,right
92,35,tv,180.0,378.95,35.01,34.72,-0.13,0.25,0.28,stationary
93,1,person,365.48,308.38,463.64,342.3,-0.79,0.3,0.85,stationary
93,2,person,84.97,381.3,163.8,147.36,0.33,-0.41,0.53,stationary
93,35,tv,180.67,378.86,34.93,34.69,0.67,-0.09,0.68,stationary
94,1,person,367.39,309.75,462.32,339.89,1.91,1.37,2.35,right
94,2,person,84.53,381.74,162.71,145.95,-0.44,0.44,0.62,stationary
94,35,tv,180.01,379.47,35.46,35.43,-0.66,0.61,0.9,stationary
95,1,person,366.63,309.6,464.98,340.33,-0.76,-0.15,0.77,stationary
95,2,person,84.52,382.06,162.71,145.67,-0.01,0.32,0.32,stationary
95,35,tv,180.3,379.01,35.3,35.16,0.29,-0.46,0.54,stationary
96,1,person,368.37,308.85,467.56,341.28,1.74,-0.75,1.89,right
96,2,person,81.96,382.84,161.68,144.69,-2.56,0.78,2.68,left
96,35,tv,180.79,378.98,34.57,34.39,0.49,-0.03,0.49,stationary
97,1,person,367.58,308.87,468.12,340.95,-0.79,0.02,0.79,stationary
97,2,person,80.61,383.32,161.23,145.02,-1.35,0.48,1.43,left
97,17,tie,275.74,441.13,37.84,77.32,1.89,-0.07,1.89,right
98,1,person,348.65,309.63,462.76,339.51,-18.93,0.76,18.95,left
98,2,person,78.87,384.63,157.74,142.36,-1.74,1.31,2.18,left
98,17,tie,278.2,434.61,43.92,90.2,2.46,-6.52,6.97,up
99,1,person,342.62,310.49,457.74,337.91,-6.03,0.86,6.09,left
99,2,person,80.6,383.62,159.54,142.79,1.73,-1.01,2.0,right
99,17,tie,279.07,433.88,44.51,91.61,0.87,-0.73,1.14,stationary
99,35,tv,180.31,379.11,35.6,35.71,-0.48,0.13,0.5,stationary
100,1,person,348.25,311.83,451.45,335.31,5.63,1.34,5.79,right
100,2,person,80.09,383.22,160.18,144.72,-0.51,-0.4,0.65,stationary
100,35,tv,180.42,380.03,36.67,37.3,0.11,0.92,0.93,stationary
101,1,person,346.53,313.14,449.69,333.08,-1.72,1.31,2.16,left
101,2,person,89.15,382.01,166.47,147.49,9.06,-1.21,9.14,right
101,37,laptop,74.7,466.13,149.39,27.38,0.0,0.0,0.0,stationary
102,1,person,334.8,313.17,453.39,333.1,-11.73,0.03,11.73,left
102,2,person,96.02,380.79,172.33,150.79,6.87,-1.22,6.98,right
102,37,chair,75.09,465.98,150.18,27.68,0.39,-0.15,0.42,stationary
103,1,person,305.73,313.0,460.8,333.06,-29.07,-0.17,29.07,left
103,2,person,109.95,379.47,179.16,153.64,13.93,-1.32,13.99,right
104,1,person,327.3,312.43,461.25,333.65,21.57,-0.57,21.58,right
104,2,person,97.79,377.92,176.72,153.54,-12.16,-1.55,12.26,left
104,38,laptop,333.14,455.39,374.06,48.91,0.0,0.0,0.0,stationary
105,1,person,300.45,313.57,468.35,331.95,-26.85,1.14,26.87,left
105,2,person,104.57,376.45,178.81,155.93,6.78,-1.47,6.94,right
106,1,person,324.42,313.77,464.13,331.49,23.97,0.2,23.97,right
106,2,person,108.45,376.29,179.55,157.7,3.88,-0.16,3.88,right
107,1,person,334.36,314.11,460.09,330.79,9.94,0.34,9.95,right
107,2,person,110.0,376.09,178.36,157.7,1.55,-0.2,1.56,right
108,1,person,337.27,313.67,458.33,331.61,2.91,-0.44,2.94,right
108,2,person,111.24,375.88,177.41,157.86,1.24,-0.21,1.26,right
109,1,person,340.99,313.32,456.23,332.18,3.72,-0.35,3.74,right
109,2,person,112.62,376.17,176.07,157.54,1.38,0.29,1.41,right
110,1,person,342.38,312.77,455.13,333.26,1.39,-0.55,1.49,right
110,2,person,113.49,376.11,175.26,157.8,0.87,-0.06,0.87,stationary
111,1,person,344.43,312.93,453.05,332.95,2.05,0.16,2.06,right
111,2,person,113.88,375.92,174.79,158.54,0.39,-0.19,0.43,stationary
112,1,person,340.79,313.1,450.74,332.64,-3.64,0.17,3.64,left
112,2,person,114.65,376.23,173.65,158.58,0.77,0.31,0.83,stationary
113,1,person,342.11,313.42,448.66,332.09,1.32,0.32,1.36,right
113,2,person,114.52,376.74,171.55,157.66,-0.13,0.51,0.53,stationary
114,1,person,338.8,314.11,445.17,330.66,-3.31,0.69,3.38,left
114,2,person,114.99,378.93,168.09,154.95,0.47,2.19,2.24,down
115,1,person,339.15,314.8,442.02,329.34,0.35,0.69,0.77,stationary
115,2,person,115.67,380.08,165.19,152.74,0.68,1.15,1.34,down
116,1,person,340.16,314.35,442.04,330.26,1.01,-0.45,1.11,right
116,2,person,117.51,383.01,160.36,148.89,1.84,2.93,3.46,down
117,1,person,342.26,314.32,441.65,330.33,2.1,-0.03,2.1,right
117,2,person,118.84,384.23,156.32,145.75,1.33,1.22,1.8,right
118,1,person,342.02,314.25,440.72,330.49,-0.24,-0.07,0.25,stationary
118,2,person,119.91,384.87,154.33,144.62,1.07,0.64,1.25,right
119,1,person,342.52,313.66,441.62,331.54,0.5,-0.59,0.77,stationary
119,2,person,119.83,385.36,152.82,143.56,-0.08,0.49,0.5,stationary
120,1,person,343.28,313.15,441.86,332.48,0.76,-0.51,0.92,stationary
120,2,person,119.3,385.61,152.55,143.69,-0.53,0.25,0.59,stationary
121,1,person,344.82,312.93,442.0,332.89,1.54,-0.22,1.56,right
121,2,person,119.53,385.87,151.45,142.8,0.23,0.26,0.35,stationary
122,1,person,344.25,312.81,441.97,333.06,-0.57,-0.12,0.58,stationary
122,2,person,119.86,386.32,151.63,143.34,0.33,0.45,0.56,stationary
123,1,person,341.58,312.95,442.15,332.81,-2.67,0.14,2.67,left
123,2,person,120.6,386.46,151.2,143.09,0.74,0.14,0.75,stationary
124,1,person,337.82,312.17,445.34,334.43,-3.76,-0.78,3.84,left
124,2,person,120.42,386.62,150.65,142.84,-0.18,0.16,0.24,stationary
125,1,person,337.06,311.88,447.15,335.01,-0.76,-0.29,0.81,stationary
125,2,person,120.23,387.04,149.72,142.25,-0.19,0.42,0.46,stationary
126,1,person,334.76,313.91,443.71,330.93,-2.3,2.03,3.07,left
126,2,person,121.19,386.77,149.47,141.95,0.96,-0.27,1.0,stationary
127,1,person,338.39,316.86,436.72,325.15,3.63,2.95,4.68,right
127,2,person,122.96,387.13,149.39,141.38,1.77,0.36,1.81,right
128,1,person,340.66,318.58,432.95,321.77,2.27,1.72,2.85,right
128,2,person,124.39,387.17,150.04,141.42,1.43,0.04,1.43,right
129,1,person,339.87,318.92,432.72,321.13,-0.79,0.34,0.86,stationary
129,2,person,124.63,387.19,150.32,141.21,0.24,0.02,0.24,stationary
130,1,person,341.62,318.75,433.8,321.44,1.75,-0.17,1.76,right
130,2,person,124.42,387.41,150.73,141.05,-0.21,0.22,0.3,stationary
131,1,person,340.87,318.68,434.91,321.62,-0.75,-0.07,0.75,stationary
131,2,person,123.69,387.35,150.95,140.97,-0.73,-0.06,0.73,stationary
132,1,person,337.71,318.52,436.77,321.95,-3.16,-0.16,3.16,left
132,2,person,123.91,387.38,150.98,140.68,0.22,0.03,0.22,stationary
133,1,person,340.28,318.52,437.27,321.93,2.57,0.0,2.57,right
133,2,person,124.05,387.58,151.15,140.44,0.14,0.2,0.24,stationary
134,1,person,344.74,319.69,434.31,319.67,4.46,1.17,4.61,right
134,2,person,123.79,387.65,151.09,140.02,-0.26,0.07,0.27,stationary
135,1,person,345.57,320.41,432.4,318.23,0.83,0.72,1.1,stationary
135,2,person,123.67,387.78,151.66,140.31,-0.12,0.13,0.18,stationary
136,1,person,344.68,320.44,432.1,318.23,-0.89,0.03,0.89,stationary
136,2,person,123.18,387.86,151.56,140.05,-0.49,0.08,0.5,stationary
137,1,person,337.42,319.66,435.52,319.67,-7.26,-0.78,7.3,left
137,2,person,122.78,387.79,151.45,139.9,-0.4,-0.07,0.41,stationary
138,1,person,340.68,319.2,435.84,320.6,3.26,-0.46,3.29,right
138,2,person,123.26,387.86,152.06,140.43,0.48,0.07,0.49,stationary
138,44,person,251.53,374.87,37.55,22.35,0.0,0.0,0.0,stationary
139,1,person,344.46,316.92,442.83,324.95,3.78,-2.28,4.41,right
139,2,person,123.66,387.58,152.24,140.53,0.4,-0.28,0.49,stationary
139,44,person,250.07,374.24,38.25,22.81,-1.46,-0.63,1.59,left
140,1,person,352.71,316.9,444.05,324.96,8.25,-0.02,8.25,right
140,2,person,123.5,387.6,152.58,140.81,-0.16,0.02,0.16,stationary
140,44,person,252.75,373.74,36.08,21.53,2.68,-0.5,2.73,right
141,1,person,373.79,316.5,451.28,325.81,21.08,-0.4,21.08,right
141,2,person,123.31,387.26,153.12,141.37,-0.19,-0.34,0.39,stationary
141,44,person,259.1,373.44,34.84,20.82,6.35,-0.3,6.36,right
142,1,person,382.05,319.04,451.35,321.09,8.26,2.54,8.64,right
142,2,person,124.58,386.56,154.4,142.19,1.27,-0.7,1.45,right
142,44,person,262.21,374.32,35.58,21.29,3.11,0.88,3.23,right
143,1,person,385.77,319.6,455.53,320.04,3.72,0.56,3.76,right
143,2,person,125.79,386.16,155.51,142.76,1.21,-0.4,1.27,right
143,44,person,262.03,375.64,39.38,23.64,-0.18,1.32,1.33,down
144,1,person,385.86,319.56,461.1,320.21,0.09,-0.04,0.1,stationary
144,2,person,126.4,386.02,157.19,143.9,0.61,-0.14,0.63,stationary
144,44,person,261.42,376.17,41.23,24.86,-0.61,0.53,0.81,stationary
145,1,person,388.45,318.79,467.03,321.73,2.59,-0.77,2.7,right
145,2,person,126.47,385.61,157.71,144.07,0.07,-0.41,0.42,stationary
145,44,person,260.9,376.23,40.18,24.28,-0.52,0.06,0.52,stationary
146,1,person,393.52,317.1,473.25,324.89,5.07,-1.69,5.34,right
146,2,person,125.97,385.64,158.99,145.07,-0.5,0.03,0.5,stationary
146,44,person,261.1,376.82,41.7,25.34,0.2,0.59,0.62,stationary
147,1,person,393.86,315.53,479.26,327.99,0.34,-1.57,1.61,up
147,2,person,126.16,385.44,158.56,144.41,0.19,-0.2,0.28,stationary
147,44,person,260.84,376.88,41.52,25.29,-0.26,0.06,0.27,stationary
148,1,person,393.06,316.75,478.59,325.98,-0.8,1.22,1.46,down
148,2,person,125.93,385.6,159.48,145.02,-0.23,0.16,0.28,stationary
148,44,person,260.43,376.66,40.83,24.95,-0.41,-0.22,0.47,stationary
149,1,person,394.36,315.6,482.46,327.97,1.3,-1.15,1.74,right
149,2,person,125.87,385.61,159.69,145.09,-0.06,0.01,0.06,stationary
149,44,person,260.39,376.29,39.32,24.03,-0.04,-0.37,0.37,stationary
150,1,person,394.13,315.0,485.02,329.05,-0.23,-0.6,0.64,stationary
150,2,person,125.89,385.55,160.09,145.29,0.02,-0.06,0.06,stationary
150,44,person,260.19,376.27,38.96,23.8,-0.2,-0.02,0.2,stationary
151,1,person,393.7,314.95,486.15,329.12,-0.43,-0.05,0.43,stationary
151,2,person,125.05,385.67,160.25,145.53,-0.84,0.12,0.85,stationary
151,44,person,259.37,375.97,37.86,23.01,-0.82,-0.3,0.87,stationary
152,1,person,392.94,314.86,487.32,329.2,-0.76,-0.09,0.77,stationary
152,2,person,124.91,385.61,159.96,145.21,-0.14,-0.06,0.15,stationary
152,44,person,258.51,376.29,39.01,23.68,-0.86,0.32,0.92,stationary
153,1,person,392.71,314.19,490.05,330.63,-0.23,-0.67,0.71,stationary
153,2,person,124.78,385.62,159.51,144.77,-0.13,0.01,0.13,stationary
153,44,person,258.93,376.45,39.06,23.73,0.42,0.16,0.45,stationary
154,1,person,392.69,314.72,489.24,329.49,-0.02,0.53,0.53,stationary
154,2,person,124.61,385.61,159.55,144.79,-0.17,-0.01,0.17,stationary
154,44,person,257.99,377.19,41.2,25.2,-0.94,0.74,1.2,stationary
155,1,person,393.54,314.67,489.76,329.56,0.85,-0.05,0.85,stationary
155,2,person,125.15,385.58,159.09,144.24,0.54,-0.03,0.54,stationary
155,44,person,257.78,377.4,40.96,25.09,-0.21,0.21,0.3,stationary
156,1,person,393.22,314.5,490.78,329.93,-0.32,-0.17,0.36,stationary
156,2,person,125.11,385.92,159.39,144.41,-0.04,0.34,0.34,stationary
156,44,person,257.62,377.16,40.65,24.96,-0.16,-0.24,0.29,stationary
157,1,person,393.12,314.42,491.35,330.03,-0.1,-0.08,0.13,stationary
157,2,person,125.23,385.92,159.15,144.17,0.12,0.0,0.12,stationary
157,44,person,257.69,377.25,40.07,24.61,0.07,0.09,0.11,stationary
158,1,person,393.58,314.27,491.9,330.29,0.46,-0.15,0.48,stationary
158,2,person,125.48,385.93,159.41,144.29,0.25,0.01,0.25,stationary
158,44,person,257.67,377.45,40.86,25.08,-0.02,0.2,0.2,stationary
159,1,person,389.78,314.36,493.7,330.68,-3.8,0.09,3.8,left
159,2,person,124.9,385.9,158.9,143.99,-0.58,-0.03,0.58,stationary
159,44,person,257.79,376.06,37.71,23.13,0.12,-1.39,1.4,up
160,1,person,357.31,315.22,485.05,328.79,-32.47,0.86,32.48,left
160,2,person,121.96,385.96,157.19,142.93,-2.94,0.06,2.94,left
161,1,person,339.88,319.51,467.19,320.11,-17.43,4.29,17.95,left
161,2,person,120.91,386.05,156.69,143.18,-1.05,0.09,1.05,left
162,1,person,337.7,323.07,452.59,312.95,-2.18,3.56,4.17,down
162,2,person,122.28,386.2,156.67,143.28,1.37,0.15,1.38,right
162,44,person,257.15,376.46,39.38,24.44,-0.64,0.4,0.75,stationary
163,1,person,340.91,323.45,448.0,312.17,3.21,0.38,3.23,right
163,2,person,123.04,386.25,156.41,143.16,0.76,0.05,0.76,stationary
163,44,person,257.48,376.57,38.51,24.04,0.33,0.11,0.35,stationary
164,1,person,341.3,323.82,444.27,311.47,0.39,0.37,0.54,stationary
164,2,person,122.9,386.37,155.73,142.5,-0.14,0.12,0.18,stationary
164,44,person,257.53,376.49,37.84,23.76,0.05,-0.08,0.09,stationary
165,1,person,344.23,321.45,448.36,316.0,2.93,-2.37,3.77,right
165,2,person,123.32,386.36,155.68,142.37,0.42,-0.01,0.42,stationary
165,44,person,257.84,376.1,36.01,22.59,0.31,-0.39,0.5,stationary
166,1,person,346.82,321.57,445.84,315.79,2.59,0.12,2.59,right
166,2,person,123.85,386.18,155.65,142.32,0.53,-0.18,0.56,stationary
166,44,person,258.09,376.23,35.41,22.11,0.25,0.13,0.28,stationary
167,1,person,346.49,322.56,441.27,313.89,-0.33,0.99,1.04,stationary
167,2,person,124.35,386.36,155.83,142.48,0.5,0.18,0.53,stationary
167,44,person,257.77,376.69,36.71,22.95,-0.32,0.46,0.56,stationary
168,1,person,343.75,322.15,440.47,314.54,-2.74,-0.41,2.77,left
168,2,person,124.28,386.38,156.08,142.78,-0.07,0.02,0.07,stationary
168,44,person,257.97,376.66,36.84,23.03,0.2,-0.03,0.2,stationary
169,1,person,346.43,321.31,440.85,316.22,2.68,-0.84,2.81,right
169,2,person,123.92,386.42,155.79,142.46,-0.36,0.04,0.36,stationary
169,44,person,257.66,376.46,36.29,22.66,-0.31,-0.2,0.37,stationary
170,1,person,346.88,322.33,436.72,314.27,0.45,1.02,1.11,down
170,2,person,124.16,386.36,156.09,142.71,0.24,-0.06,0.25,stationary
170,44,person,257.66,376.51,37.79,23.65,0.0,0.05,0.05,stationary
171,1,person,347.08,323.87,431.5,311.25,0.2,1.54,1.55,down
171,2,person,123.97,386.29,155.66,142.19,-0.19,-0.07,0.2,stationary
171,44,person,257.78,376.68,38.16,23.94,0.12,0.17,0.21,stationary
172,1,person,343.79,324.51,428.86,309.83,-3.29,0.64,3.35,left
172,2,person,123.84,386.19,155.84,142.41,-0.13,-0.1,0.16,stationary
172,44,person,257.66,376.67,37.46,23.59,-0.12,-0.01,0.12,stationary
173,1,person,344.21,322.28,433.93,314.25,0.42,-2.23,2.27,up
173,2,person,122.9,385.9,155.89,142.79,-0.94,-0.29,0.98,stationary
173,44,person,257.85,375.93,35.17,22.2,0.19,-0.74,0.76,stationary
174,1,person,342.79,321.42,435.88,316.25,-1.42,-0.86,1.66,left
174,2,person,122.74,385.81,156.34,143.45,-0.16,-0.09,0.18,stationary
174,44,person,257.9,375.58,34.19,21.7,0.05,-0.35,0.35,stationary
175,1,person,342.07,321.21,435.5,316.72,-0.72,-0.21,0.75,stationary
175,2,person,122.64,385.76,156.43,143.65,-0.1,-0.05,0.11,stationary
175,44,person,258.04,375.62,34.83,22.18,0.14,0.04,0.15,stationary
176,1,person,343.16,321.26,435.04,316.6,1.09,0.05,1.09,right
176,2,person,122.5,385.97,156.12,143.52,-0.14,0.21,0.25,stationary
177,1,person,342.85,320.91,435.09,317.24,-0.31,-0.35,0.47,stationary
177,2,person,122.03,386.08,155.72,143.38,-0.47,0.11,0.48,stationary
178,1,person,343.07,320.43,435.79,318.19,0.22,-0.48,0.53,stationary
178,2,person,122.0,386.0,155.26,143.1,-0.03,-0.08,0.09,stationary
178,44,person,257.34,375.69,34.77,22.16,-0.7,0.07,0.7,stationary
179,1,person,342.35,320.23,435.57,318.56,-0.72,-0.2,0.75,stationary
179,2,person,122.39,385.99,155.41,143.38,0.39,-0.01,0.39,stationary
179,44,person,258.19,375.46,34.46,22.04,0.85,-0.23,0.88,stationary
180,1,person,343.72,320.42,435.2,318.24,1.37,0.19,1.38,right
180,2,person,122.29,385.98,155.37,143.4,-0.1,-0.01,0.1,stationary
180,44,person,258.67,375.41,34.09,21.87,0.48,-0.05,0.48,stationary
181,1,person,346.08,320.46,435.41,318.16,2.36,0.04,2.36,right
181,2,person,122.59,385.77,155.18,143.35,0.3,-0.21,0.37,stationary
181,44,person,258.73,375.64,34.26,21.99,0.06,0.23,0.24,stationary
182,1,person,345.66,320.45,435.22,318.17,-0.42,-0.01,0.42,stationary
182,2,person,121.97,386.14,155.02,143.28,-0.62,0.37,0.72,stationary
182,44,person,258.88,375.45,34.01,21.9,0.15,-0.19,0.24,stationary
183,1,person,342.9,320.79,433.84,317.47,-2.76,0.34,2.78,left
183,2,person,122.44,385.79,154.25,142.51,0.47,-0.35,0.59,stationary
183,44,person,259.11,375.48,34.79,22.55,0.23,0.03,0.23,stationary
184,1,person,342.43,320.96,432.86,317.16,-0.47,0.17,0.5,stationary
184,2,person,122.79,385.95,154.74,143.04,0.35,0.16,0.38,stationary
184,44,person,258.98,375.61,34.77,22.6,-0.13,0.13,0.18,stationary
184,46,person,18.13,359.64,31.16,115.06,0.0,0.0,0.0,stationary
185,1,person,343.27,320.92,432.61,317.22,0.84,-0.04,0.84,stationary
185,2,person,123.38,385.8,154.79,143.17,0.59,-0.15,0.61,stationary
185,44,person,259.15,375.63,34.99,22.87,0.17,0.02,0.17,stationary
185,46,person,26.53,368.08,34.77,126.82,8.4,8.44,11.91,down
186,1,person,343.51,320.84,432.18,317.35,0.24,-0.08,0.25,stationary
186,2,person,123.59,385.97,155.09,143.6,0.21,0.17,0.27,stationary
186,44,person,259.14,375.74,34.47,22.6,-0.01,0.11,0.11,stationary
186,46,person,29.55,376.0,38.96,140.13,3.02,7.92,8.48,down
187,1,person,345.18,320.16,433.1,318.58,1.67,-0.68,1.8,right
187,2,person,123.35,386.03,154.36,142.89,-0.24,0.06,0.25,stationary
187,44,person,258.85,375.93,34.3,22.53,-0.29,0.19,0.35,stationary
187,46,person,31.32,377.56,40.54,142.86,1.77,1.56,2.36,right
188,1,person,344.05,320.88,431.17,317.28,-1.13,0.72,1.34,left
188,2,person,123.25,386.08,154.22,142.77,-0.1,0.05,0.11,stationary
188,44,person,258.81,376.03,34.5,22.74,-0.04,0.1,0.11,stationary
188,46,person,29.84,372.62,39.16,134.78,-1.48,-4.94,5.16,up
189,1,person,338.96,320.07,433.88,318.72,-5.09,-0.81,5.15,left
189,2,person,123.1,386.0,154.34,142.88,-0.15,-0.08,0.17,stationary
189,44,person,258.24,376.24,35.12,23.23,-0.57,0.21,0.61,stationary
189,46,person,26.21,370.2,38.88,132.01,-3.63,-2.42,4.36,left
190,1,person,342.37,320.4,432.95,318.22,3.41,0.33,3.43,right
190,2,person,122.81,386.0,153.53,141.89,-0.29,0.0,0.29,stationary
190,44,person,258.3,376.17,34.36,22.78,0.06,-0.07,0.09,stationary
190,46,person,28.61,376.44,43.96,146.66,2.4,6.24,6.69,down
191,1,person,338.88,319.6,435.35,319.64,-3.49,-0.8,3.58,left
191,2,person,122.92,385.92,153.15,141.43,0.11,-0.08,0.14,stationary
191,44,person,258.22,376.12,35.25,23.43,-0.08,-0.05,0.09,stationary
191,46,person,25.94,378.75,45.49,151.32,-2.67,2.31,3.53,left
192,1,person,334.93,319.5,436.96,319.73,-3.95,-0.1,3.95,left
192,2,person,123.06,386.24,153.95,142.24,0.14,0.32,0.35,stationary
192,44,person,258.88,376.09,35.01,23.56,0.66,-0.03,0.66,stationary
192,46,person,24.78,381.84,45.05,148.96,-1.16,3.09,3.3,down
193,1,person,339.97,320.26,434.74,318.43,5.04,0.76,5.1,right
193,2,person,123.09,386.02,153.68,141.9,0.03,-0.22,0.22,stationary
193,44,person,259.83,375.98,33.69,22.8,0.95,-0.11,0.96,stationary
193,46,person,24.15,384.05,44.65,146.73,-0.63,2.21,2.3,down
194,1,person,342.22,320.1,434.8,318.84,2.25,-0.16,2.26,right
194,2,person,122.88,386.02,154.13,142.36,-0.21,0.0,0.21,stationary
194,46,person,30.94,384.79,45.48,142.72,6.79,0.74,6.83,right
195,1,person,342.99,319.91,434.64,319.22,0.77,-0.19,0.79,stationary
195,2,person,122.89,385.64,154.42,142.75,0.01,-0.38,0.38,stationary
196,1,person,342.91,319.74,434.78,319.57,-0.08,-0.17,0.19,stationary
196,2,person,122.62,385.89,153.59,142.06,-0.27,0.25,0.37,stationary
196,51,person,64.61,374.03,77.12,115.59,0.0,0.0,0.0,stationary
197,1,person,341.76,319.72,433.89,319.6,-1.15,-0.02,1.15,left
197,2,person,122.69,385.82,152.94,141.35,0.07,-0.07,0.1,stationary
197,51,person,69.04,378.49,82.22,123.06,4.43,4.46,6.29,down
198,1,person,339.14,319.46,435.28,319.97,-2.62,-0.26,2.63,left
198,2,person,122.38,385.57,153.55,141.81,-0.31,-0.25,0.4,stationary
198,51,person,74.48,376.01,75.79,112.84,5.44,-2.48,5.98,right
199,1,person,341.52,319.75,434.42,319.5,2.38,0.29,2.4,right
199,2,person,121.9,384.82,154.34,142.39,-0.48,-0.75,0.89,stationary
199,51,person,75.84,377.56,76.29,113.09,1.36,1.55,2.06,down
200,1,person,342.26,319.97,433.31,319.12,0.74,0.22,0.77,stationary
200,2,person,121.87,383.7,158.03,146.09,-0.03,-1.12,1.12,up
200,51,person,74.32,377.58,76.65,112.7,-1.52,0.02,1.52,left
201,1,person,344.95,320.21,432.93,318.73,2.69,0.24,2.7,right
201,2,person,123.68,380.74,164.39,153.08,1.81,-2.96,3.47,up
201,51,person,65.34,374.89,73.11,106.09,-8.98,-2.69,9.37,left
202,1,person,344.62,320.2,433.01,318.74,-0.33,-0.01,0.33,stationary
202,2,person,129.09,376.91,170.14,159.91,5.41,-3.83,6.63,right
202,51,person,60.88,370.59,67.92,98.69,-4.46,-4.3,6.2,left
203,1,person,343.85,320.51,432.34,318.14,-0.77,0.31,0.83,stationary
203,2,person,129.36,374.27,173.72,165.28,0.27,-2.64,2.65,up
203,51,person,53.53,366.45,63.44,91.06,-7.35,-4.14,8.44,left
204,1,person,336.62,319.63,436.11,319.61,-7.23,-0.88,7.28,left
204,2,person,124.13,372.2,177.36,168.85,-5.23,-2.07,5.62,left
204,51,person,51.24,363.47,62.27,88.24,-2.29,-2.98,3.76,up
204,46,person,44.08,386.94,50.32,137.01,13.14,2.15,13.31,right
205,1,person,342.0,320.24,433.51,318.37,5.38,0.61,5.41,right
205,2,person,114.12,371.09,184.47,172.51,-10.01,-1.11,10.07,left
205,51,person,58.87,362.7,57.92,81.33,7.63,-0.77,7.67,right
206,1,person,344.55,322.88,425.84,313.23,2.55,2.64,3.67,down
206,2,person,112.25,370.08,189.8,174.42,-1.87,-1.01,2.13,left
206,51,person,68.74,360.09,52.96,73.52,9.87,-2.61,10.21,right
207,1,person,346.85,329.97,406.55,299.24,2.3,7.09,7.45,down
207,2,person,117.83,369.49,192.8,176.27,5.58,-0.59,5.61,right
207,51,person,75.03,361.95,52.44,70.45,6.29,1.86,6.56,right
207,44,person,263.47,380.79,45.83,31.25,3.64,4.81,6.03,down
208,1,person,348.2,336.97,387.27,285.3,1.35,7.0,7.13,down
208,2,person,118.43,369.42,193.84,176.53,0.6,-0.07,0.6,stationary
208,51,person,80.2,359.96,48.45,63.15,5.17,-1.99,5.54,right
208,58,person,93.25,352.31,46.94,48.4,0.0,0.0,0.0,stationary
208,44,person,264.67,380.88,44.89,30.64,1.2,0.09,1.2,right
209,1,person,349.27,348.21,356.75,262.83,1.07,11.24,11.29,down
209,2,person,118.89,369.14,195.67,177.06,0.46,-0.28,0.54,stationary
209,51,person,80.94,358.23,45.52,58.33,0.74,-1.73,1.88,up
209,58,person,93.41,352.26,46.05,47.85,0.16,-0.05,0.17,stationary
209,44,person,265.35,380.93,45.22,30.34,0.68,0.05,0.68,stationary
210,1,person,349.52,352.4,345.53,254.5,0.25,4.19,4.2,down
210,2,person,118.39,369.04,196.51,176.85,-0.5,-0.1,0.51,stationary
210,58,person,89.95,353.32,47.77,49.99,-3.46,1.06,3.62,left
210,44,person,266.04,380.81,45.82,30.39,0.69,-0.12,0.7,stationary
211,1,person,350.46,341.69,375.26,275.94,0.94,-10.71,10.75,up
211,2,person,113.53,370.88,190.79,171.15,-4.86,1.84,5.2,left
211,44,person,264.2,380.89,47.21,31.41,-1.84,0.08,1.84,left
211,51,person,81.92,356.59,40.65,51.99,0.98,-1.64,1.91,up
212,1,person,343.43,325.04,420.51,309.08,-7.03,-16.65,18.07,up
212,2,person,109.6,373.44,185.36,166.99,-3.93,2.56,4.69,left
212,51,person,72.3,359.75,45.55,56.45,-9.62,3.16,10.13,left
213,1,person,340.35,313.88,450.42,331.27,-3.08,-11.16,11.58,up
213,2,person,105.77,374.77,180.66,163.68,-3.83,1.33,4.05,left
213,51,person,65.84,366.85,55.43,68.19,-6.46,7.1,9.6,down
214,1,person,338.6,304.75,473.86,349.3,-1.75,-9.13,9.3,up
214,2,person,104.57,375.54,176.22,160.81,-1.2,0.77,1.43,left
214,51,person,63.07,369.89,62.12,75.66,-2.77,3.04,4.11,down
214,66,tie,378.87,455.4,42.85,48.75,0.0,0.0,0.0,stationary
215,1,person,337.1,299.16,487.43,360.42,-1.5,-5.59,5.79,up
215,2,person,103.77,377.49,172.85,158.51,-0.8,1.95,2.11,down
215,66,tie,378.55,455.85,42.06,47.85,-0.32,0.45,0.55,stationary
215,58,person,79.98,360.94,50.06,51.67,-9.97,7.62,12.55,left
216,1,person,336.12,298.17,489.36,362.44,-0.98,-0.99,1.39,stationary
216,2,person,104.56,378.57,170.15,157.1,0.79,1.08,1.34,down
216,66,tie,375.63,457.45,39.46,44.72,-2.92,1.6,3.33,left
216,58,person,88.17,360.38,46.63,48.31,8.19,-0.56,8.21,right
217,1,person,333.0,302.29,476.52,354.28,-3.12,4.12,5.17,down
217,2,person,108.39,379.8,167.42,154.76,3.83,1.23,4.02,right
217,66,tie,371.33,456.61,41.14,46.42,-4.3,-0.84,4.38,left
218,1,person,333.53,307.5,461.35,343.83,0.53,5.21,5.24,down
218,2,person,110.67,380.4,165.47,152.9,2.28,0.6,2.36,right
218,66,tie,370.75,456.78,41.0,46.1,-0.58,0.17,0.6,stationary
219,1,person,339.13,319.04,429.88,321.05,5.6,11.54,12.83,down
219,2,person,116.02,383.25,161.12,147.37,5.35,2.85,6.06,right
219,66,tie,372.22,456.17,42.19,47.31,1.47,-0.61,1.59,right
220,1,person,343.65,328.23,404.66,302.73,4.52,9.19,10.24,down
220,2,person,120.11,384.22,159.08,144.43,4.09,0.97,4.2,right
220,44,person,263.57,380.4,46.74,31.05,-0.63,-0.49,0.8,stationary
221,1,person,350.19,344.12,362.8,270.93,6.54,15.89,17.18,down
221,2,person,127.73,384.38,159.91,143.93,7.62,0.16,7.62,right
221,44,person,264.99,380.7,45.88,30.28,1.42,0.3,1.45,right
221,58,person,101.44,359.7,39.38,41.12,13.27,-0.68,13.29,right
222,1,person,352.27,350.61,346.13,257.99,2.08,6.49,6.82,down
222,2,person,129.73,384.21,160.64,143.51,2.0,-0.17,2.01,right
222,44,person,265.46,380.72,45.56,29.9,0.47,0.02,0.47,stationary
222,58,person,100.84,359.61,38.43,40.54,-0.6,-0.09,0.61,stationary
223,1,person,355.09,349.72,348.61,259.7,2.82,-0.89,2.96,right
223,2,person,130.51,383.75,162.36,144.35,0.78,-0.46,0.91,stationary
223,44,person,264.75,380.65,45.75,29.9,-0.71,-0.07,0.71,stationary
223,58,person,96.05,360.37,39.83,41.52,-4.79,0.76,4.85,left
224,1,person,355.92,342.3,368.58,274.66,0.83,-7.42,7.47,up
224,2,person,129.18,383.33,163.79,145.73,-1.33,-0.42,1.39,left
224,44,person,263.83,380.6,46.97,30.66,-0.92,-0.05,0.92,stationary
224,58,person,97.14,360.08,39.23,40.9,1.09,-0.29,1.13,right
225,1,person,353.39,334.06,390.2,291.05,-2.53,-8.24,8.62,up
225,2,person,127.86,383.4,165.68,147.96,-1.32,0.07,1.32,left
225,44,person,263.93,380.12,46.77,30.62,0.1,-0.48,0.49,stationary
225,58,person,102.24,360.1,37.21,38.62,5.1,0.02,5.1,right
226,1,person,349.98,326.85,409.44,305.5,-3.41,-7.21,7.98,up
226,2,person,126.63,383.4,165.61,148.56,-1.23,0.0,1.23,left
226,44,person,264.72,376.95,37.66,24.44,0.79,-3.17,3.27,up
227,1,person,345.61,317.54,434.48,323.98,-4.37,-9.31,10.28,up
227,2,person,125.09,382.74,164.15,148.22,-1.54,-0.66,1.68,left
228,1,person,341.46,311.61,450.11,335.8,-4.15,-5.93,7.24,up
228,2,person,123.25,382.26,162.95,148.17,-1.84,-0.48,1.9,left
228,77,tie,277.24,439.26,40.19,81.12,0.0,0.0,0.0,stationary
229,1,person,340.88,306.36,464.05,346.12,-0.58,-5.25,5.28,up
229,2,person,121.42,381.23,163.66,150.03,-1.83,-1.03,2.1,left
229,77,tie,276.54,438.69,40.47,81.7,-0.7,-0.57,0.9,stationary
230,1,person,338.36,302.37,474.88,353.8,-2.52,-3.99,4.72,up
230,2,person,119.16,380.67,166.14,153.76,-2.26,-0.56,2.33,left
230,77,tie,276.92,441.94,37.58,75.53,0.38,3.25,3.27,down
231,1,person,336.94,299.94,483.7,358.57,-1.42,-2.43,2.81,up
231,2,person,111.38,378.8,170.01,158.06,-7.78,-1.87,8.0,left
231,77,tie,273.22,445.57,34.37,68.41,-3.7,3.63,5.18,left
232,1,person,332.97,299.38,486.67,359.51,-3.97,-0.56,4.01,left
232,2,person,108.65,378.18,170.2,159.41,-2.73,-0.62,2.8,left
232,77,tie,274.1,445.59,34.63,68.39,0.88,0.02,0.88,stationary
233,1,person,332.91,299.36,487.82,359.43,-0.06,-0.02,0.06,stationary
233,2,person,107.17,377.36,169.36,159.5,-1.48,-0.82,1.69,left
233,77,tie,275.9,443.33,37.05,72.93,1.8,-2.26,2.89,up
233,83,tie,391.32,460.69,33.92,38.2,0.0,0.0,0.0,stationary
234,1,person,342.05,317.2,438.81,324.44,9.14,17.84,20.05,down
234,2,person,119.97,380.13,163.79,153.11,12.8,2.77,13.1,right
235,1,person,351.13,332.28,397.55,294.57,9.08,15.08,17.6,down
235,2,person,123.99,381.45,162.95,150.77,4.02,1.32,4.23,right
235,84,person,261.91,380.45,49.37,29.95,0.0,0.0,0.0,stationary
236,1,person,355.27,345.61,361.81,267.94,4.14,13.33,13.96,down
236,2,person,125.4,382.06,163.22,149.23,1.41,0.61,1.54,right
236,84,person,261.9,380.62,49.82,30.23,-0.01,0.17,0.17,stationary
236,85,person,260.9,389.19,57.44,48.09,0.0,0.0,0.0,stationary
237,1,person,356.57,343.29,367.89,272.47,1.3,-2.32,2.66,up
237,2,person,125.79,382.37,164.1,148.6,0.39,0.31,0.5,stationary
237,84,person,261.41,380.65,50.88,30.88,-0.49,0.03,0.49,stationary
238,1,person,350.24,330.85,400.55,297.21,-6.33,-12.44,13.96,up
238,2,person,123.16,382.01,164.95,148.82,-2.63,-0.36,2.65,left
238,84,person,262.62,378.75,44.83,27.32,1.21,-1.9,2.25,up
239,1,person,348.56,317.11,436.79,324.39,-1.68,-13.74,13.84,up
239,2,person,116.71,381.79,164.46,149.31,-6.45,-0.22,6.45,left
239,83,tie,388.62,454.86,44.27,49.9,-2.7,-5.83,6.42,up
240,1,person,325.32,309.18,465.4,340.4,-23.24,-7.93,24.56,left
240,2,person,112.07,381.35,162.7,149.2,-4.64,-0.44,4.66,left
240,77,tie,284.32,438.3,42.17,82.93,8.42,-5.03,9.81,right
241,1,person,325.79,301.37,491.22,356.41,0.47,-7.81,7.82,up
241,2,person,110.32,381.95,162.0,149.96,-1.75,0.6,1.85,left
242,1,person,336.65,297.59,501.61,363.68,10.86,-3.78,11.5,right
242,2,person,108.65,382.27,159.04,148.58,-1.67,0.32,1.7,left
242,77,tie,277.82,443.92,36.84,71.69,-6.5,5.62,8.59,left
243,1,person,340.89,296.91,501.24,364.72,4.24,-0.68,4.29,right
243,2,person,107.84,382.3,158.33,149.31,-0.81,0.03,0.81,stationary
243,77,tie,278.61,443.08,38.08,73.24,0.79,-0.84,1.15,stationary
244,1,person,345.8,302.12,485.22,354.56,4.91,5.21,7.16,down
244,2,person,112.42,382.28,158.77,149.63,4.58,-0.02,4.58,right
244,77,tie,281.51,438.49,42.34,82.15,2.9,-4.59,5.43,up
244,83,tie,385.8,456.26,41.59,46.38,-2.82,1.4,3.15,left
245,1,person,341.11,311.22,459.55,336.46,-4.69,9.1,10.24,down
245,2,person,116.68,382.31,159.14,149.19,4.26,0.03,4.26,right
245,77,tie,283.68,432.58,46.82,93.87,2.17,-5.91,6.3,up
245,83,tie,383.31,454.91,44.03,49.19,-2.49,-1.35,2.83,left
246,1,person,346.59,320.38,432.81,318.12,5.48,9.16,10.67,down
246,2,person,120.7,382.25,159.24,147.8,4.02,-0.06,4.02,right
246,77,tie,286.52,429.83,48.4,99.4,2.84,-2.75,3.95,right
246,84,person,262.59,379.84,49.08,30.6,-0.03,1.09,1.09,down
247,1,person,348.76,328.31,410.12,302.4,2.17,7.93,8.22,down
247,2,person,123.32,382.27,161.9,148.81,2.62,0.02,2.62,right
247,84,person,262.0,380.55,49.82,31.53,-0.59,0.71,0.92,stationary
248,1,person,351.42,338.91,380.54,281.24,2.66,10.6,10.93,down
248,2,person,126.74,382.26,164.25,148.99,3.42,-0.01,3.42,right
248,84,person,263.91,380.58,48.38,30.57,1.91,0.03,1.91,right
248,85,person,262.96,389.03,55.77,46.81,2.06,-0.16,2.07,right
249,1,person,351.73,348.58,354.35,261.96,0.31,9.67,9.67,down
249,2,person,130.85,382.2,167.08,149.21,4.11,-0.06,4.11,right
249,84,person,264.95,380.69,48.17,30.4,1.04,0.11,1.05,right
250,1,person,352.31,346.63,359.15,265.84,0.58,-1.95,2.03,up
250,2,person,128.95,382.34,168.58,149.14,-1.9,0.14,1.91,left
250,84,person,264.59,380.68,47.81,30.16,-0.36,-0.01,0.36,stationary
250,85,person,262.49,389.55,57.27,48.5,-0.47,0.52,0.7,stationary
251,1,person,352.19,336.92,384.96,285.22,-0.12,-9.71,9.71,up
251,2,person,125.7,382.36,168.95,148.7,-3.25,0.02,3.25,left
251,84,person,263.31,380.8,49.19,31.32,-1.28,0.12,1.29,left
252,1,person,352.07,328.81,406.09,301.41,-0.12,-8.11,8.11,up
252,2,person,124.03,382.38,168.92,148.35,-1.67,0.02,1.67,left
252,84,person,264.53,379.88,46.16,29.78,1.22,-0.92,1.53,right
252,88,person,186.69,374.78,28.67,33.54,0.0,0.0,0.0,stationary
253,1,person,347.89,315.59,441.54,327.69,-4.18,-13.22,13.87,up
253,2,person,117.91,382.51,167.42,148.01,-6.12,0.13,6.12,left
253,88,person,194.03,373.18,24.5,28.41,7.34,-1.6,7.51,right
253,83,tie,379.69,450.75,51.56,57.92,-3.62,-4.16,5.51,up
254,1,person,344.48,305.9,467.24,346.94,-3.41,-9.69,10.27,up
254,2,person,113.83,382.86,165.31,147.46,-4.08,0.35,4.09,left
254,83,tie,381.35,452.21,48.96,54.94,1.66,1.46,2.21,right
255,1,person,341.93,297.62,490.08,363.56,-2.55,-8.28,8.66,up
255,2,person,112.75,382.98,163.59,147.01,-1.08,0.12,1.09,left
255,83,tie,385.73,455.65,42.85,48.15,4.38,3.44,5.57,right
256,1,person,343.93,291.28,506.92,376.23,2.0,-6.34,6.65,up
256,2,person,110.36,382.9,161.88,146.93,-2.39,-0.08,2.39,left
256,83,tie,389.86,460.35,35.08,38.79,4.13,4.7,6.26,down
257,1,person,340.55,286.97,517.01,384.84,-3.38,-4.31,5.48,up
257,2,person,108.42,383.04,159.42,146.26,-1.94,0.14,1.95,left
257,83,tie,392.33,460.93,34.01,37.67,2.47,0.58,2.54,right
258,1,person,335.01,289.94,508.29,378.81,-5.54,2.97,6.29,left
258,2,person,108.76,383.2,157.61,145.75,0.34,0.16,0.38,stationary
258,83,tie,388.33,458.13,38.63,43.2,-4.0,-2.8,4.88,left
259,1,person,336.93,298.25,485.47,362.29,1.92,8.31,8.53,down
259,2,person,108.73,383.61,155.74,144.98,-0.03,0.41,0.41,stationary
260,1,person,339.47,307.44,459.59,344.03,2.54,9.19,9.53,down
260,2,person,113.1,383.72,156.56,145.7,4.37,0.11,4.37,right
261,1,person,339.16,313.16,443.73,332.65,-0.31,5.72,5.73,down
261,2,person,114.82,383.4,157.76,146.74,1.72,-0.32,1.75,right
262,1,person,341.53,315.76,438.08,327.53,2.37,2.6,3.52,down
262,2,person,115.44,383.11,157.27,146.18,0.62,-0.29,0.68,stationary
263,1,person,343.34,313.15,445.55,332.69,1.81,-2.61,3.18,up
263,2,person,114.05,383.47,157.06,146.2,-1.39,0.36,1.44,left
264,1,person,344.62,311.66,449.94,335.68,1.28,-1.49,1.96,up
264,2,person,114.12,383.23,157.59,146.87,0.07,-0.24,0.25,stationary
265,1,person,344.37,309.8,455.13,339.3,-0.25,-1.86,1.88,up
265,2,person,113.4,383.27,156.95,146.45,-0.72,0.04,0.72,stationary
266,1,person,344.29,308.5,458.59,341.84,-0.08,-1.3,1.3,up
266,2,person,113.72,383.25,157.75,147.51,0.32,-0.02,0.32,stationary
267,1,person,332.41,307.45,463.59,344.37,-11.88,-1.05,11.93,left
267,2,person,113.53,383.25,157.92,147.78,-0.19,0.0,0.19,stationary
268,1,person,332.26,306.57,466.56,346.16,-0.15,-0.88,0.89,stationary
268,2,person,113.55,383.36,156.95,147.0,0.02,0.11,0.11,stationary
269,1,person,341.64,305.65,466.76,347.48,9.38,-0.92,9.43,right
269,2,person,113.86,383.31,157.33,147.26,0.31,-0.05,0.31,stationary
270,1,person,352.88,304.81,466.69,348.91,11.24,-0.84,11.27,right
270,2,person,114.47,383.83,156.99,146.68,0.61,0.52,0.8,stationary
271,1,person,355.44,305.3,465.0,348.02,2.56,0.49,2.61,right
271,2,person,115.88,383.93,157.99,147.13,1.41,0.1,1.41,right
272,1,person,361.1,305.8,463.15,347.45,5.66,0.5,5.68,right
272,2,person,117.36,383.73,157.76,146.3,1.48,-0.2,1.49,right
273,1,person,368.29,306.14,459.57,346.49,7.19,0.34,7.2,right
273,2,person,118.0,383.63,158.47,146.16,0.64,-0.1,0.65,stationary
273,97,tie,319.98,438.13,44.97,83.04,0.0,0.0,0.0,stationary
274,1,person,372.05,307.08,454.87,344.48,3.76,0.94,3.88,right
274,2,person,118.58,383.43,159.95,146.85,0.58,-0.2,0.61,stationary
274,97,tie,322.46,426.01,57.82,107.29,2.48,-12.12,12.37,up
275,1,person,368.84,307.79,452.48,343.46,-3.21,0.71,3.29,left
275,2,person,118.7,383.42,160.53,146.75,0.12,-0.01,0.12,stationary
275,97,tie,322.29,414.35,69.75,130.76,-0.17,-11.66,11.66,up
276,1,person,368.96,308.05,450.35,343.04,0.12,0.26,0.29,stationary
276,2,person,118.68,383.42,161.19,146.69,-0.02,0.0,0.02,stationary
277,1,person,370.79,308.1,448.1,342.62,1.83,0.05,1.83,right
277,2,person,118.93,383.61,161.67,146.58,0.25,0.19,0.31,stationary
278,1,person,367.11,308.07,447.66,343.0,-3.68,-0.03,3.68,left
278,2,person,118.66,383.63,162.8,147.2,-0.27,0.02,0.27,stationary
279,1,person,366.98,308.05,447.18,343.12,-0.13,-0.02,0.13,stationary
279,2,person,118.18,383.44,163.44,147.42,-0.48,-0.19,0.52,stationary
280,1,person,366.6,308.15,446.36,342.96,-0.38,0.1,0.39,stationary
280,2,person,118.88,383.39,163.72,147.18,0.7,-0.05,0.7,stationary
280,101,tie,413.16,453.23,49.34,53.04,0.0,0.0,0.0,stationary
281,1,person,370.7,308.21,444.47,342.45,4.1,0.06,4.1,right
281,2,person,119.26,383.04,163.89,146.96,0.38,-0.35,0.52,stationary
281,101,tie,413.81,453.44,48.97,52.63,0.65,0.21,0.68,stationary
282,1,person,368.18,308.27,444.11,342.63,-2.52,0.06,2.52,left
282,2,person,119.57,383.42,164.32,146.99,0.31,0.38,0.49,stationary
282,101,tie,413.38,453.31,49.22,52.9,-0.43,-0.13,0.45,stationary
283,1,person,366.86,308.21,443.55,342.86,-1.32,-0.06,1.32,left
283,2,person,119.04,383.42,164.94,147.17,-0.53,0.0,0.53,stationary
283,101,tie,413.28,452.66,50.36,54.22,-0.1,-0.65,0.66,stationary
284,1,person,364.99,308.09,443.24,343.11,-1.87,-0.12,1.87,left
284,2,person,119.51,383.61,165.22,147.02,0.47,0.19,0.51,stationary
285,1,person,364.82,307.58,443.79,343.96,-0.17,-0.51,0.54,stationary
285,2,person,119.25,383.53,165.44,146.98,-0.26,-0.08,0.27,stationary
285,101,tie,413.08,449.26,56.27,60.97,-0.2,-3.4,3.41,up
286,1,person,363.9,307.42,443.99,344.13,-0.92,-0.16,0.93,stationary
286,2,person,118.93,383.52,165.15,146.46,-0.32,-0.01,0.32,stationary
286,106,tie,319.15,437.94,44.27,83.46,0.0,0.0,0.0,stationary
286,101,tie,412.61,448.96,56.41,61.54,-0.47,-0.3,0.56,stationary
287,1,person,362.42,307.34,444.21,344.26,-1.48,-0.08,1.48,left
287,2,person,119.08,383.48,165.38,146.44,0.15,-0.04,0.16,stationary
287,106,tie,318.54,435.51,46.8,88.32,-0.61,-2.43,2.51,up
287,101,tie,412.13,449.19,55.72,61.04,-0.48,0.23,0.53,stationary
288,1,person,364.0,307.19,443.88,344.62,1.58,-0.15,1.59,right
288,2,person,119.01,383.55,166.21,147.23,-0.07,0.07,0.1,stationary
288,106,tie,317.96,438.75,43.47,81.82,-0.58,3.24,3.29,down
288,101,tie,411.4,449.08,55.53,61.18,-0.73,-0.11,0.74,stationary
289,1,person,362.3,307.05,444.19,344.93,-1.7,-0.14,1.71,left
289,2,person,118.35,383.54,165.79,146.68,-0.66,-0.01,0.66,stationary
289,106,tie,315.58,436.93,45.39,85.66,-2.38,-1.82,3.0,left
289,101,tie,410.31,449.09,55.21,61.15,-1.09,0.01,1.09,left
290,1,person,365.79,307.13,443.42,344.49,3.49,0.08,3.49,right
290,2,person,118.1,383.61,165.96,146.9,-0.25,0.07,0.26,stationary
290,106,tie,315.47,437.42,44.97,84.55,-0.11,0.49,0.5,stationary
290,101,tie,408.1,448.88,55.27,61.7,-2.21,-0.21,2.22,left
291,1,person,361.92,307.44,443.1,343.9,-3.87,0.31,3.88,left
291,2,person,117.75,383.73,165.84,146.89,-0.35,0.12,0.37,stationary
291,106,tie,313.95,437.18,45.13,85.02,-1.52,-0.24,1.54,left
291,101,tie,407.02,448.54,55.49,62.44,-1.08,-0.34,1.13,left
292,1,person,362.56,307.77,442.76,343.18,0.64,0.33,0.72,stationary
292,2,person,116.98,383.85,165.24,146.47,-0.77,0.12,0.78,stationary
292,106,tie,315.63,437.67,44.95,84.21,1.68,0.49,1.75,right
292,101,tie,407.11,448.24,55.55,63.08,0.09,-0.3,0.31,stationary
293,1,person,360.8,306.99,445.47,344.62,-1.76,-0.78,1.93,left
293,2,person,115.83,383.85,164.67,146.48,-1.15,0.0,1.15,left
293,106,tie,314.54,438.3,44.38,82.87,-1.09,0.63,1.26,left
294,1,person,355.85,306.96,448.42,345.12,-4.95,-0.03,4.95,left
294,2,person,114.13,383.82,164.06,146.55,-1.7,-0.03,1.7,left
294,106,tie,311.7,437.69,44.95,84.02,-2.84,-0.61,2.9,left
295,1,person,332.1,305.94,458.76,347.21,-23.75,-1.02,23.77,left
295,2,person,113.13,383.38,163.75,147.08,-1.0,-0.44,1.09,left
295,106,tie,307.36,420.32,61.94,118.96,-4.34,-17.37,17.9,up
296,1,person,330.23,302.57,469.52,353.55,-1.87,-3.37,3.85,up
296,2,person,109.92,383.48,160.99,146.12,-3.21,0.1,3.21,left
296,106,tie,296.07,417.07,63.7,125.3,-11.29,-3.25,11.75,left
297,1,person,324.31,299.58,480.89,359.51,-5.92,-2.99,6.63,left
297,2,person,107.73,383.5,158.3,145.1,-2.19,0.02,2.19,left
298,1,person,321.09,298.01,488.12,362.66,-3.22,-1.57,3.58,left
298,2,person,107.28,383.08,156.39,144.68,-0.45,-0.42,0.62,stationary
299,1,person,318.62,297.57,491.42,363.49,-2.47,-0.44,2.51,left
299,2,person,106.57,383.28,155.7,145.37,-0.71,0.2,0.74,stationary
300,1,person,308.96,298.15,493.73,362.57,-9.66,0.58,9.68,left
300,2,person,106.72,383.05,154.08,144.9,0.15,-0.23,0.27,stationary
301,1,person,304.76,298.78,495.46,361.42,-4.2,0.63,4.25,left
301,2,person,106.3,383.38,153.71,145.55,-0.42,0.33,0.53,stationary
302,1,person,312.87,298.54,496.57,361.71,8.11,-0.24,8.11,right
302,2,person,105.77,383.62,152.98,145.81,-0.53,0.24,0.58,stationary
303,1,person,315.39,298.97,496.9,360.76,2.52,0.43,2.56,right
303,2,person,106.76,383.88,152.51,146.19,0.99,0.26,1.02,stationary
304,1,person,309.1,299.33,498.46,360.26,-6.29,0.36,6.3,left
304,2,person,106.41,383.56,151.43,146.01,-0.35,-0.32,0.47,stationary
305,1,person,314.19,299.44,499.43,359.88,5.09,0.11,5.09,right
305,2,person,107.55,383.28,150.26,145.17,1.14,-0.28,1.17,right
306,1,person,307.41,299.74,501.07,359.46,-6.78,0.3,6.79,left
306,2,person,106.9,383.6,150.12,145.76,-0.65,0.32,0.72,stationary
307,1,person,303.75,299.75,503.52,359.5,-3.66,0.01,3.66,left
307,2,person,107.23,383.63,149.17,145.36,0.33,0.03,0.33,stationary
308,1,person,313.3,299.69,503.91,359.4,9.55,-0.06,9.55,right
308,2,person,107.25,383.6,148.24,144.75,0.02,-0.03,0.04,stationary
309,1,person,315.36,299.75,503.86,359.19,2.06,0.06,2.06,right
309,2,person,107.53,384.32,148.99,146.08,0.28,0.72,0.77,stationary
310,1,person,316.68,299.03,506.15,360.65,1.32,-0.72,1.5,right
310,2,person,107.35,384.0,148.12,145.64,-0.18,-0.32,0.37,stationary
311,1,person,317.98,299.17,505.94,360.34,1.3,0.14,1.31,right
311,2,person,106.94,384.11,148.04,146.03,-0.41,0.11,0.42,stationary
312,1,person,320.41,300.06,503.95,358.52,2.43,0.89,2.59,right
312,2,person,107.39,383.98,147.59,145.94,0.45,-0.13,0.47,stationary
313,1,person,322.08,300.85,502.44,356.92,1.67,0.79,1.85,right
313,2,person,107.57,383.62,146.68,145.43,0.18,-0.36,0.4,stationary
314,1,person,319.38,301.12,501.59,356.36,-2.7,0.27,2.71,left
314,2,person,108.39,383.59,146.63,145.48,0.82,-0.03,0.82,stationary
315,1,person,316.3,301.72,499.6,355.12,-3.08,0.6,3.14,left
315,2,person,108.77,383.15,146.24,145.23,0.38,-0.44,0.58,stationary
316,1,person,315.39,302.22,497.59,354.16,-0.91,0.5,1.04,stationary
316,2,person,108.0,383.2,146.28,145.5,-0.77,0.05,0.77,stationary
317,1,person,314.28,302.18,497.0,354.24,-1.11,-0.04,1.11,left
317,2,person,109.1,383.26,146.09,145.09,1.1,0.06,1.1,right
318,1,person,307.12,301.85,500.49,355.25,-7.16,-0.33,7.17,left
318,2,person,108.33,383.77,146.29,145.58,-0.77,0.51,0.92,stationary
319,1,person,313.83,301.65,500.68,355.41,6.71,-0.2,6.71,right
319,2,person,109.5,383.57,146.5,145.38,1.17,-0.2,1.19,right
320,1,person,315.49,301.56,500.57,355.51,1.66,-0.09,1.66,right
320,2,person,109.02,383.6,146.25,145.31,-0.48,0.03,0.48,stationary
321,1,person,316.22,301.33,501.22,356.05,0.73,-0.23,0.77,stationary
321,2,person,109.27,383.33,145.98,144.54,0.25,-0.27,0.37,stationary
322,1,person,316.17,300.8,502.22,357.1,-0.05,-0.53,0.53,stationary
322,2,person,108.85,383.53,146.3,144.85,-0.42,0.2,0.47,stationary
323,1,person,316.28,300.51,502.08,357.65,0.11,-0.29,0.31,stationary
323,2,person,109.48,383.51,146.59,144.91,0.63,-0.02,0.63,stationary
324,1,person,314.54,301.04,499.61,356.61,-1.74,0.53,1.82,left
324,2,person,108.99,383.65,146.8,145.2,-0.49,0.14,0.51,stationary
325,1,person,311.69,302.16,495.92,354.35,-2.85,1.12,3.06,left
325,2,person,109.08,383.62,147.18,145.59,0.09,-0.03,0.09,stationary
326,1,person,313.7,302.79,494.12,353.02,2.01,0.63,2.11,right
326,2,person,108.36,383.69,146.87,145.51,-0.72,0.07,0.72,stationary
327,1,person,314.51,302.66,494.27,353.29,0.81,-0.13,0.82,stationary
327,2,person,109.33,383.73,148.22,146.76,0.97,0.04,0.97,stationary
328,1,person,316.13,302.8,494.23,353.11,1.62,0.14,1.63,right
328,2,person,109.59,383.58,147.25,145.53,0.26,-0.15,0.3,stationary
329,1,person,315.67,302.3,495.28,354.08,-0.46,-0.5,0.68,stationary
329,2,person,109.4,383.31,147.39,145.43,-0.19,-0.27,0.33,stationary
330,1,person,318.16,301.89,497.18,354.84,2.49,-0.41,2.52,right
330,2,person,109.14,383.25,147.14,145.15,-0.26,-0.06,0.27,stationary
331,1,person,318.05,300.97,500.0,356.7,-0.11,-0.92,0.93,stationary
331,2,person,108.58,383.59,147.14,145.31,-0.56,0.34,0.66,stationary
332,1,person,320.05,300.54,502.08,357.54,2.0,-0.43,2.05,right
332,2,person,109.25,383.47,147.06,145.15,0.67,-0.12,0.68,stationary
333,1,person,319.47,300.19,503.42,358.24,-0.58,-0.35,0.68,stationary
333,2,person,109.42,383.47,146.64,144.67,0.17,0.0,0.17,stationary
334,1,person,311.99,299.89,506.55,359.05,-7.48,-0.3,7.49,left
334,2,person,109.35,383.42,146.81,144.63,-0.07,-0.05,0.09,stationary
335,1,person,310.86,299.0,511.6,361.13,-1.13,-0.89,1.44,left
335,2,person,109.51,383.13,146.19,143.96,0.16,-0.29,0.33,stationary
336,1,person,305.13,299.76,510.37,359.53,-5.73,0.76,5.78,left
336,2,person,110.43,383.17,146.96,144.39,0.92,0.04,0.92,stationary
337,1,person,304.15,300.34,509.13,358.33,-0.98,0.58,1.14,stationary
337,2,person,109.97,383.2,146.53,143.72,-0.46,0.03,0.46,stationary
338,1,person,303.83,301.08,508.05,356.84,-0.32,0.74,0.81,stationary
338,2,person,109.09,383.31,147.02,144.31,-0.88,0.11,0.89,stationary
339,1,person,304.68,301.14,507.52,356.68,0.85,0.06,0.85,stationary
339,2,person,109.06,383.66,147.99,145.42,-0.03,0.35,0.35,stationary
340,1,person,304.79,301.53,506.47,355.89,0.11,0.39,0.41,stationary
340,2,person,108.56,383.64,147.63,145.13,-0.5,-0.02,0.5,stationary
341,1,person,303.94,302.11,505.35,354.69,-0.85,0.58,1.03,stationary
341,2,person,109.74,383.85,148.44,145.76,1.18,0.21,1.2,right
342,1,person,304.58,301.83,506.31,355.23,0.64,-0.28,0.7,stationary
342,2,person,109.26,383.59,147.65,145.06,-0.48,-0.26,0.55,stationary
343,1,person,302.27,302.04,506.61,354.82,-2.31,0.21,2.32,left
343,2,person,109.05,383.29,147.2,144.73,-0.21,-0.3,0.37,stationary
344,1,person,304.12,301.94,507.11,354.98,1.85,-0.1,1.85,right
344,2,person,108.77,383.4,146.88,144.46,-0.28,0.11,0.3,stationary
345,1,person,304.38,302.08,506.89,354.71,0.26,0.14,0.3,stationary
345,2,person,108.93,383.35,147.5,145.22,0.16,-0.05,0.17,stationary
346,1,person,306.16,301.68,507.36,355.46,1.78,-0.4,1.82,right
346,2,person,108.89,383.25,147.63,145.71,-0.04,-0.1,0.11,stationary
347,1,person,302.83,301.44,508.74,355.95,-3.33,-0.24,3.34,left
347,2,person,109.28,383.32,147.61,145.58,0.39,0.07,0.4,stationary
348,1,person,303.2,301.32,510.0,356.24,0.37,-0.12,0.39,stationary
348,2,person,109.23,383.4,146.85,144.83,-0.05,0.08,0.09,stationary
